# This file uses centimeters as units for non-parametric coordinates.

mtllib Palanca  opti.mtl
v 0.210919 0.129444 -0.234371
v 0.179225 0.186803 -0.234371
v 0.129860 0.232324 -0.234371
v 0.067657 0.261550 -0.234371
v -0.001295 0.271620 -0.234371
v -0.070247 0.261550 -0.234371
v -0.132450 0.232324 -0.234371
v -0.181815 0.186803 -0.234371
v -0.213508 0.129444 -0.234371
v -0.224429 0.065861 -0.234371
v 0.221840 0.065861 -0.234371
v 0.210919 0.129444 0.234372
v 0.179225 0.186803 0.234372
v 0.129860 0.232324 0.234372
v 0.067657 0.261550 0.234372
v -0.001295 0.271620 0.234372
v -0.070247 0.261550 0.234372
v -0.132450 0.232324 0.234372
v -0.181815 0.186803 0.234372
v -0.213508 0.129444 0.234372
v -0.224429 0.065861 0.234372
v 0.221840 0.065861 0.234372
v -0.001295 0.065861 -0.234371
v -0.001295 0.065861 0.234372
v -0.224429 0.000105 -0.234371
v -0.224429 0.000105 0.234372
v 0.221840 0.000105 -0.234371
v 0.221840 0.000105 0.234372
v -0.001295 0.000105 -0.234371
v -0.001295 0.000105 0.234372
v 0.210919 0.129444 0.000000
v 0.221840 0.065861 0.000000
v 0.221840 0.000105 0.000000
v -0.001295 0.000105 0.000000
v -0.224429 0.000105 0.000000
v -0.224429 0.065861 0.000000
v -0.213508 0.129444 0.000000
v -0.181815 0.186803 0.000000
v -0.132450 0.232324 0.000000
v -0.070247 0.261550 0.000000
v -0.001295 0.271620 0.000000
v 0.067657 0.261550 0.000000
v 0.129860 0.232324 0.000000
v 0.179225 0.186803 0.000000
v 0.210919 0.127845 -0.114404
v 0.210919 0.129444 -0.112298
v 0.178164 0.186091 -0.114316
v 0.179225 0.186804 -0.112730
v 0.221840 0.065860 -0.115428
v 0.221840 0.065861 -0.113228
v 0.221840 0.000105 -0.115356
v 0.221840 0.000105 -0.113156
v -0.001295 0.000105 -0.115356
v -0.001295 0.000105 -0.113156
v -0.224429 0.000105 -0.115356
v -0.224429 0.000105 -0.113156
v -0.224429 0.065860 -0.115428
v -0.224429 0.065861 -0.113228
v -0.213508 0.127957 -0.114393
v -0.213508 0.129444 -0.112298
v -0.180754 0.186091 -0.114316
v -0.181815 0.186803 -0.112730
v -0.131674 0.231338 -0.114297
v -0.132450 0.232324 -0.112721
v -0.069838 0.260389 -0.114291
v -0.070247 0.261550 -0.112718
v -0.001295 0.270400 -0.114291
v -0.001295 0.271620 -0.112718
v 0.067249 0.260389 -0.114291
v 0.067657 0.261550 -0.112718
v 0.129084 0.231338 -0.114297
v 0.129860 0.232324 -0.112721
v 0.210919 0.127957 0.114393
v 0.210919 0.129444 0.112298
v 0.178164 0.186091 0.114316
v 0.179225 0.186803 0.112731
v 0.221840 0.065860 0.115428
v 0.221840 0.065861 0.113228
v 0.221840 0.000105 0.115356
v 0.221840 0.000105 0.113157
v -0.001295 0.000105 0.115356
v -0.001295 0.000105 0.113157
v -0.224429 0.000105 0.115356
v -0.224429 0.000105 0.113157
v -0.224429 0.065860 0.115428
v -0.224429 0.065861 0.113228
v -0.213508 0.127845 0.114404
v -0.213508 0.129444 0.112298
v -0.180754 0.186091 0.114316
v -0.181815 0.186803 0.112730
v -0.131674 0.231338 0.114297
v -0.132450 0.232324 0.112721
v -0.069838 0.260389 0.114291
v -0.070247 0.261550 0.112718
v -0.001295 0.270400 0.114291
v -0.001295 0.271620 0.112718
v 0.067249 0.260389 0.114291
v 0.067657 0.261550 0.112718
v 0.129084 0.231338 0.114297
v 0.129860 0.232324 0.112721
v 0.210919 0.127845 0.178561
v 0.210919 0.129444 0.180666
v 0.178164 0.186091 0.178649
v 0.179225 0.186803 0.180234
v 0.221840 0.065860 0.177536
v 0.221840 0.065861 0.179736
v 0.221840 0.000105 0.177608
v 0.221840 0.000105 0.179808
v -0.001295 0.000105 0.177608
v -0.001295 0.000105 0.179808
v -0.224429 0.000105 0.177608
v -0.224429 0.000105 0.179808
v -0.224429 0.065860 0.177536
v -0.224429 0.065861 0.179736
v -0.213508 0.127957 0.178571
v -0.213508 0.129444 0.180666
v -0.180754 0.186091 0.178649
v -0.181815 0.186803 0.180234
v -0.131674 0.231338 0.178668
v -0.132450 0.232324 0.180243
v -0.069838 0.260389 0.178673
v -0.070247 0.261550 0.180246
v -0.001295 0.270400 0.178673
v -0.001295 0.271620 0.180246
v 0.067249 0.260389 0.178673
v 0.067657 0.261550 0.180246
v 0.129084 0.231338 0.178668
v 0.129860 0.232324 0.180243
v 0.210919 0.127957 -0.178571
v 0.210919 0.129444 -0.180666
v 0.178164 0.186091 -0.178648
v 0.179225 0.186803 -0.180234
v 0.221840 0.065860 -0.177536
v 0.221840 0.065861 -0.179736
v 0.221840 0.000105 -0.177608
v 0.221840 0.000105 -0.179808
v -0.001295 0.000105 -0.177608
v -0.001295 0.000105 -0.179808
v -0.224429 0.000105 -0.177608
v -0.224429 0.000105 -0.179808
v -0.224429 0.065860 -0.177536
v -0.224429 0.065861 -0.179736
v -0.213508 0.127845 -0.178561
v -0.213508 0.129444 -0.180666
v -0.180754 0.186091 -0.178648
v -0.181815 0.186803 -0.180234
v -0.131674 0.231338 -0.178667
v -0.132450 0.232324 -0.180243
v -0.069838 0.260389 -0.178673
v -0.070247 0.261550 -0.180246
v -0.001295 0.270400 -0.178673
v -0.001295 0.271620 -0.180246
v 0.067249 0.260389 -0.178673
v 0.067657 0.261550 -0.180246
v 0.129084 0.231338 -0.178667
v 0.129860 0.232324 -0.180243
v 0.210919 0.065860 -0.121386
v 0.210919 0.066868 -0.120022
v 0.179225 0.065861 -0.121416
v 0.179216 0.066880 -0.120066
v 0.221840 0.065860 -0.121052
v 0.221840 0.065860 -0.119178
v 0.221840 0.000105 -0.121052
v 0.221840 0.000105 -0.119178
v -0.001295 0.000105 -0.121052
v -0.001295 0.000105 -0.119178
v -0.224429 0.000105 -0.121052
v -0.224429 0.000105 -0.119178
v -0.224429 0.065860 -0.121052
v -0.224429 0.065860 -0.119178
v -0.213508 0.065860 -0.121386
v -0.213508 0.066868 -0.120022
v -0.181815 0.065861 -0.121416
v -0.181806 0.066880 -0.120066
v -0.132450 0.065861 -0.121423
v -0.132445 0.066886 -0.120079
v -0.070247 0.065862 -0.121425
v -0.070245 0.066888 -0.120084
v -0.001295 0.065862 -0.121426
v -0.001295 0.066889 -0.120086
v 0.067657 0.065862 -0.121425
v 0.067655 0.066888 -0.120084
v 0.129860 0.065861 -0.121423
v 0.129856 0.066886 -0.120079
v 0.210919 0.065860 0.121387
v 0.210919 0.066868 0.120022
v 0.179225 0.065861 0.121416
v 0.179216 0.066880 0.120066
v 0.221840 0.065860 0.121053
v 0.221840 0.065860 0.119178
v 0.221840 0.000105 0.121053
v 0.221840 0.000105 0.119178
v -0.001295 0.000105 0.121053
v -0.001295 0.000105 0.119178
v -0.224429 0.000105 0.121053
v -0.224429 0.000105 0.119178
v -0.224429 0.065860 0.121053
v -0.224429 0.065860 0.119178
v -0.213508 0.065860 0.121387
v -0.213508 0.066868 0.120022
v -0.181815 0.065861 0.121416
v -0.181806 0.066880 0.120066
v -0.132450 0.065861 0.121423
v -0.132445 0.066886 0.120079
v -0.070247 0.065862 0.121425
v -0.070245 0.066888 0.120085
v -0.001295 0.065862 0.121426
v -0.001295 0.066889 0.120086
v 0.067657 0.065862 0.121425
v 0.067655 0.066888 0.120085
v 0.129860 0.065861 0.121423
v 0.129856 0.066886 0.120079
v 0.210919 0.065860 0.171578
v 0.210919 0.066868 0.172942
v 0.179225 0.065861 0.171548
v 0.179216 0.066880 0.172898
v 0.221840 0.065860 0.171912
v 0.221840 0.065860 0.173787
v 0.221840 0.000105 0.171912
v 0.221840 0.000105 0.173787
v -0.001295 0.000105 0.171912
v -0.001295 0.000105 0.173787
v -0.224429 0.000105 0.171912
v -0.224429 0.000105 0.173787
v -0.224429 0.065860 0.171912
v -0.224429 0.065860 0.173787
v -0.213508 0.065860 0.171578
v -0.213508 0.066868 0.172942
v -0.181815 0.065861 0.171548
v -0.181806 0.066880 0.172898
v -0.132450 0.065861 0.171542
v -0.132445 0.066886 0.172885
v -0.070247 0.065862 0.171539
v -0.070245 0.066888 0.172880
v -0.001295 0.065862 0.171538
v -0.001295 0.066889 0.172879
v 0.067657 0.065862 0.171539
v 0.067655 0.066888 0.172880
v 0.129860 0.065861 0.171542
v 0.129856 0.066886 0.172885
v 0.210919 0.065860 -0.171578
v 0.210919 0.066868 -0.172942
v 0.179225 0.065861 -0.171548
v 0.179216 0.066880 -0.172898
v 0.221840 0.065860 -0.171912
v 0.221840 0.065860 -0.173787
v 0.221840 0.000105 -0.171912
v 0.221840 0.000105 -0.173787
v -0.001295 0.000105 -0.171912
v -0.001295 0.000105 -0.173787
v -0.224429 0.000105 -0.171912
v -0.224429 0.000105 -0.173787
v -0.224429 0.065860 -0.171912
v -0.224429 0.065860 -0.173787
v -0.213508 0.065860 -0.171578
v -0.213508 0.066868 -0.172942
v -0.181815 0.065861 -0.171548
v -0.181806 0.066880 -0.172898
v -0.132450 0.065861 -0.171542
v -0.132445 0.066886 -0.172885
v -0.070247 0.065862 -0.171539
v -0.070245 0.066888 -0.172880
v -0.001295 0.065862 -0.171538
v -0.001295 0.066889 -0.172878
v 0.067657 0.065862 -0.171539
v 0.067655 0.066888 -0.172880
v 0.129860 0.065861 -0.171542
v 0.129856 0.066886 -0.172885
v 0.368635 -0.000000 0.237156
v 0.350592 0.113914 0.237156
v 0.298232 0.216678 0.237156
v 0.216678 0.298232 0.237156
v 0.113914 0.350592 0.237156
v 0.000000 0.368635 0.237156
v -0.113914 0.350592 0.237156
v -0.216678 0.298232 0.237156
v -0.298232 0.216678 0.237156
v -0.350592 0.113914 0.237156
v -0.368635 -0.000000 0.237156
v 0.611366 0.000000 0.237156
v 0.581443 0.188922 0.237156
v 0.494605 0.359352 0.237156
v 0.359352 0.494605 0.237156
v 0.188922 0.581443 0.237156
v 0.000000 0.611365 0.237156
v -0.188922 0.581443 0.237156
v -0.359352 0.494605 0.237156
v -0.494605 0.359352 0.237156
v -0.581443 0.188922 0.237156
v -0.611365 0.000000 0.237156
v 0.611365 -0.000000 0.080798
v 0.581443 0.188922 0.080798
v 0.494605 0.359352 0.080798
v 0.359352 0.494605 0.080798
v 0.188922 0.581443 0.080798
v 0.000000 0.611365 0.080798
v -0.188922 0.581443 0.080798
v -0.359352 0.494605 0.080798
v -0.494605 0.359352 0.080798
v -0.581443 0.188922 0.080798
v -0.611365 -0.000000 0.080798
v 0.368635 -0.000000 0.080798
v 0.350592 0.113914 0.080798
v 0.298231 0.216678 0.080798
v 0.216678 0.298232 0.080798
v 0.113914 0.350592 0.080798
v 0.000000 0.368634 0.080798
v -0.113914 0.350592 0.080798
v -0.216678 0.298232 0.080798
v -0.298232 0.216678 0.080798
v -0.350592 0.113914 0.080798
v -0.368634 -0.000000 0.080798
v 0.350592 0.113914 0.019816
v -0.350592 0.113914 0.019816
v -0.368635 -0.000000 -0.237156
v -0.350592 0.113914 -0.237156
v -0.298232 0.216678 -0.237156
v -0.216678 0.298232 -0.237156
v -0.113914 0.350592 -0.237156
v -0.000000 0.368635 -0.237156
v 0.113914 0.350592 -0.237156
v 0.216678 0.298232 -0.237156
v 0.298232 0.216678 -0.237156
v 0.350592 0.113914 -0.237156
v 0.368635 -0.000000 -0.237156
v -0.611366 0.000000 -0.237156
v -0.581443 0.188922 -0.237156
v -0.494605 0.359352 -0.237156
v -0.359352 0.494605 -0.237156
v -0.188922 0.581443 -0.237156
v -0.000000 0.611365 -0.237156
v 0.188922 0.581443 -0.237156
v 0.359352 0.494605 -0.237156
v 0.494605 0.359352 -0.237156
v 0.581443 0.188922 -0.237156
v 0.611365 0.000000 -0.237156
v -0.611365 -0.000000 -0.080798
v -0.581443 0.188922 -0.080798
v -0.494605 0.359352 -0.080798
v -0.359352 0.494605 -0.080798
v -0.188922 0.581443 -0.080798
v -0.000000 0.611365 -0.080798
v 0.188922 0.581443 -0.080798
v 0.359352 0.494605 -0.080798
v 0.494605 0.359352 -0.080798
v 0.581443 0.188922 -0.080798
v 0.611365 -0.000000 -0.080798
v -0.368635 -0.000000 -0.080798
v -0.350592 0.113914 -0.080798
v -0.298231 0.216678 -0.080798
v -0.216678 0.298232 -0.080798
v -0.113914 0.350592 -0.080798
v -0.000000 0.368634 -0.080798
v 0.113914 0.350592 -0.080798
v 0.216678 0.298232 -0.080798
v 0.298232 0.216678 -0.080798
v 0.350592 0.113914 -0.080798
v 0.368634 -0.000000 -0.080798
v -0.350592 0.113914 -0.048711
v 0.350592 0.113914 -0.048711
v -0.298232 0.216678 -0.000000
v -0.494605 0.359352 0.000000
v -0.581443 0.188922 0.000000
v -0.611365 -0.000000 0.000000
v -0.368635 -0.000000 -0.000000
v 0.034056 0.075887 -0.011065
v 0.028970 0.075887 -0.021048
v 0.021048 0.075887 -0.028970
v 0.011065 0.075887 -0.034056
v 0.000000 0.075887 -0.035809
v -0.011065 0.075887 -0.034056
v -0.021048 0.075887 -0.028970
v -0.028970 0.075887 -0.021048
v -0.034056 0.075887 -0.011065
v -0.035808 0.075887 0.000000
v -0.034056 0.075887 0.011065
v -0.028970 0.075887 0.021048
v -0.021048 0.075887 0.028970
v -0.011065 0.075887 0.034056
v -0.000000 0.075887 0.035808
v 0.011065 0.075887 0.034056
v 0.021048 0.075887 0.028970
v 0.028970 0.075887 0.021048
v 0.034056 0.075887 0.011065
v 0.035808 0.075887 0.000000
v 0.034056 1.231176 -0.011065
v 0.028970 1.231176 -0.021048
v 0.021048 1.231176 -0.028970
v 0.011065 1.231176 -0.034056
v 0.000000 1.231176 -0.035809
v -0.011065 1.231176 -0.034056
v -0.021048 1.231176 -0.028970
v -0.028970 1.231176 -0.021048
v -0.034056 1.231176 -0.011065
v -0.035808 1.231176 0.000000
v -0.034056 1.231176 0.011065
v -0.028970 1.231176 0.021048
v -0.021048 1.231176 0.028970
v -0.011065 1.231176 0.034056
v -0.000000 1.231176 0.035808
v 0.011065 1.231176 0.034056
v 0.021048 1.231176 0.028970
v 0.028970 1.231176 0.021048
v 0.034056 1.231176 0.011065
v 0.035808 1.231176 0.000000
v 0.000000 0.075887 0.000000
v 0.041454 1.242460 -0.013469
v 0.035263 1.242460 -0.025620
v 0.025620 1.242460 -0.035263
v 0.013469 1.242460 -0.041454
v 0.000000 1.242460 -0.043588
v -0.013469 1.242460 -0.041454
v -0.025620 1.242460 -0.035263
v -0.035263 1.242460 -0.025621
v -0.041454 1.242460 -0.013469
v -0.043588 1.242460 0.000000
v -0.041454 1.242460 0.013469
v -0.035263 1.242460 0.025620
v -0.025620 1.242460 0.035263
v -0.013469 1.242460 0.041454
v -0.000000 1.242460 0.043588
v 0.013469 1.242460 0.041455
v 0.025620 1.242460 0.035263
v 0.035263 1.242460 0.025620
v 0.041454 1.242460 0.013469
v 0.043588 1.242460 0.000000
v 0.041454 1.295794 -0.013469
v 0.035263 1.295794 -0.025620
v 0.025620 1.295794 -0.035263
v 0.013469 1.295794 -0.041454
v 0.000000 1.295794 -0.043588
v -0.013469 1.295794 -0.041454
v -0.025620 1.295794 -0.035263
v -0.035263 1.295794 -0.025621
v -0.041454 1.295794 -0.013469
v -0.043588 1.295794 0.000000
v -0.041454 1.295794 0.013469
v -0.035263 1.295794 0.025620
v -0.025620 1.295794 0.035263
v -0.013469 1.295794 0.041454
v -0.000000 1.295794 0.043588
v 0.013469 1.295794 0.041455
v 0.025620 1.295794 0.035263
v 0.035263 1.295794 0.025620
v 0.041454 1.295794 0.013469
v 0.043588 1.295794 0.000000
v 0.000000 1.633129 -0.000000
v 0.062927 1.618624 -0.020446
v 0.048960 1.633129 -0.015908
v 0.041648 1.633129 -0.030259
v 0.053529 1.618624 -0.038891
v 0.030259 1.633129 -0.041647
v 0.038891 1.618624 -0.053528
v 0.015908 1.633129 -0.048959
v 0.020446 1.618624 -0.062926
v -0.000000 1.633129 -0.051480
v 0.000000 1.618624 -0.066165
v -0.015908 1.633129 -0.048960
v -0.020446 1.618624 -0.062927
v -0.030259 1.633129 -0.041648
v -0.038891 1.618624 -0.053529
v -0.041648 1.633129 -0.030259
v -0.053529 1.618624 -0.038891
v -0.048960 1.633129 -0.015908
v -0.062927 1.618624 -0.020446
v -0.051480 1.633129 -0.000000
v -0.066165 1.618624 0.000000
v -0.048960 1.633129 0.015906
v -0.062927 1.618624 0.020444
v -0.041648 1.633129 0.030258
v -0.053529 1.618624 0.038889
v -0.030259 1.633129 0.041648
v -0.038891 1.618624 0.053529
v -0.015908 1.633129 0.048960
v -0.020446 1.618624 0.062927
v 0.000000 1.633129 0.051479
v 0.000000 1.618624 0.066165
v 0.015908 1.633129 0.048960
v 0.020446 1.618624 0.062927
v 0.030259 1.633129 0.041647
v 0.038891 1.618624 0.053528
v 0.041648 1.633129 0.030260
v 0.053529 1.618624 0.038892
v 0.048960 1.633129 0.015908
v 0.062927 1.618624 0.020446
v 0.051480 1.633129 -0.000002
v 0.066165 1.618624 -0.000002
v 0.059792 1.295794 -0.019428
v 0.062927 1.299049 -0.020446
v 0.050862 1.295794 -0.036954
v 0.053529 1.299049 -0.038891
v 0.036954 1.295794 -0.050862
v 0.038891 1.299049 -0.053529
v 0.019428 1.295794 -0.059792
v 0.020446 1.299049 -0.062927
v 0.000000 1.295794 -0.062869
v 0.000000 1.299049 -0.066165
v -0.019428 1.295794 -0.059792
v -0.020446 1.299049 -0.062927
v -0.036954 1.295794 -0.050863
v -0.038891 1.299049 -0.053529
v -0.050862 1.295794 -0.036954
v -0.053529 1.299049 -0.038891
v -0.059792 1.295794 -0.019428
v -0.062927 1.299049 -0.020446
v -0.062869 1.295794 0.000000
v -0.066165 1.299049 0.000000
v -0.059792 1.295794 0.019428
v -0.062927 1.299049 0.020446
v -0.050862 1.295794 0.036954
v -0.053529 1.299049 0.038891
v -0.036954 1.295794 0.050862
v -0.038891 1.299049 0.053529
v -0.019428 1.295794 0.059792
v -0.020446 1.299049 0.062927
v 0.000000 1.295794 0.062869
v 0.000000 1.299049 0.066165
v 0.019428 1.295794 0.059793
v 0.020446 1.299049 0.062927
v 0.036954 1.295794 0.050863
v 0.038891 1.299049 0.053529
v 0.050862 1.295794 0.036954
v 0.053529 1.299049 0.038891
v 0.059792 1.295794 0.019428
v 0.062927 1.299049 0.020446
v 0.062869 1.295794 0.000000
v 0.066165 1.299049 -0.000000
vt 0.648603 0.107966
vt 0.626409 0.064408
vt 0.591842 0.029841
vt 0.548284 0.007647
vt 0.500000 -0.000000
vt 0.451716 0.007647
vt 0.408159 0.029841
vt 0.373591 0.064409
vt 0.351397 0.107966
vt 0.343750 0.156250
vt 0.656250 0.156250
vt 0.343750 0.843750
vt 0.351397 0.892034
vt 0.373591 0.935591
vt 0.408159 0.970159
vt 0.451716 0.992353
vt 0.500000 1.000000
vt 0.548284 0.992353
vt 0.591841 0.970159
vt 0.626409 0.935591
vt 0.648603 0.892034
vt 0.656250 0.843750
vt 0.500000 0.156250
vt 0.500000 0.843750
vt 0.500000 0.156250
vt 0.343750 0.156250
vt 0.656250 0.156250
vt 0.500000 0.843750
vt 0.656250 0.843750
vt 0.500000 0.843750
vt 0.625000 0.500000
vt 0.375000 0.500000
vt 0.612500 0.687500
vt 0.612500 0.500000
vt 0.556250 0.578125
vt 0.612500 0.312500
vt 0.421875 0.500000
vt 0.487500 0.312500
vt 0.415625 0.234375
vt 0.487500 0.500000
vt 0.487500 0.687500
vt 0.475000 0.500000
vt 0.462500 0.500000
vt 0.450000 0.500000
vt 0.437500 0.500000
vt 0.425000 0.500000
vt 0.412500 0.500000
vt 0.400000 0.500000
vt 0.387500 0.500000
vt 0.625000 0.408476
vt 0.612500 0.409416
vt 0.375000 0.410160
vt 0.612500 0.687500
vt 0.612500 0.312500
vt 0.583936 0.447386
vt 0.380923 0.196656
vt 0.487500 0.312500
vt 0.487500 0.687500
vt 0.487500 0.407656
vt 0.375000 0.591516
vt 0.625000 0.589840
vt 0.612500 0.592344
vt 0.612500 0.687500
vt 0.612500 0.312500
vt 0.529092 0.706371
vt 0.451001 0.272828
vt 0.487500 0.312500
vt 0.487500 0.687500
vt 0.487500 0.590584
vt 0.625000 0.642851
vt 0.612500 0.643791
vt 0.375000 0.644535
vt 0.612500 0.687500
vt 0.612500 0.312500
vt 0.513623 0.779417
vt 0.470767 0.294312
vt 0.487500 0.312500
vt 0.487500 0.687500
vt 0.487500 0.642031
vt 0.375000 0.357141
vt 0.625000 0.355465
vt 0.612500 0.357969
vt 0.612500 0.687500
vt 0.612500 0.312500
vt 0.599404 0.374340
vt 0.361158 0.175171
vt 0.487500 0.312500
vt 0.487500 0.687500
vt 0.487500 0.356209
vt 0.375000 0.312500
vt 0.387500 0.312500
vt 0.375000 0.355465
vt 0.400000 0.312500
vt 0.387500 0.355811
vt 0.412500 0.312500
vt 0.400000 0.355803
vt 0.425000 0.312500
vt 0.412500 0.355801
vt 0.437500 0.312500
vt 0.425000 0.355801
vt 0.450000 0.312500
vt 0.437500 0.355801
vt 0.462500 0.312500
vt 0.450000 0.355803
vt 0.475000 0.312500
vt 0.462500 0.355811
vt 0.487500 0.312500
vt 0.475000 0.355465
vt 0.612500 0.312500
vt 0.625000 0.312500
vt 0.612500 0.356209
vt 0.487500 0.687500
vt 0.487500 0.687500
vt 0.487500 0.312500
vt 0.612500 0.687500
vt 0.612500 0.312500
vt 0.360483 0.174438
vt 0.500000 0.156250
vt 0.481812 0.236278
vt 0.612500 0.312500
vt 0.625000 0.410160
vt 0.612500 0.687500
vt 0.583408 0.449879
vt 0.459594 0.334035
vt 0.487500 0.312500
vt 0.487500 0.409416
vt 0.475000 0.410160
vt 0.462500 0.409814
vt 0.450000 0.409822
vt 0.437500 0.409824
vt 0.425000 0.409824
vt 0.412500 0.409824
vt 0.400000 0.409822
vt 0.387500 0.409814
vt 0.625000 0.644535
vt 0.625000 0.687500
vt 0.612500 0.687500
vt 0.612500 0.687500
vt 0.612500 0.312500
vt 0.343750 0.843750
vt 0.513095 0.781910
vt 0.487500 0.312500
vt 0.361938 0.763722
vt 0.487500 0.687500
vt 0.487500 0.312500
vt 0.487500 0.643791
vt 0.475000 0.687500
vt 0.475000 0.644535
vt 0.462500 0.687500
vt 0.462500 0.644189
vt 0.450000 0.687500
vt 0.450000 0.644197
vt 0.437500 0.687500
vt 0.437500 0.644199
vt 0.425000 0.687500
vt 0.425000 0.644199
vt 0.412500 0.687500
vt 0.412500 0.644199
vt 0.400000 0.687500
vt 0.400000 0.644197
vt 0.387500 0.687500
vt 0.387500 0.644190
vt 0.375000 0.687500
vt 0.612500 0.590584
vt 0.612500 0.312500
vt 0.384156 0.665965
vt 0.450327 0.272094
vt 0.487500 0.687500
vt 0.475000 0.589840
vt 0.462500 0.590186
vt 0.450000 0.590178
vt 0.437500 0.590176
vt 0.425000 0.590176
vt 0.412500 0.590176
vt 0.400000 0.590178
vt 0.387500 0.590186
vt 0.375000 0.589840
vt 0.625000 0.402889
vt 0.612500 0.404656
vt 0.375000 0.403906
vt 0.612500 0.687500
vt 0.612500 0.312500
vt 0.585303 0.440930
vt 0.379077 0.194648
vt 0.487500 0.312500
vt 0.487500 0.687500
vt 0.487500 0.403157
vt 0.375000 0.597111
vt 0.375000 0.596094
vt 0.625000 0.596019
vt 0.612500 0.596843
vt 0.612500 0.687499
vt 0.612500 0.312500
vt 0.527647 0.713195
vt 0.452748 0.274726
vt 0.487500 0.312507
vt 0.487500 0.687500
vt 0.487500 0.595344
vt 0.625000 0.637264
vt 0.612500 0.639031
vt 0.375000 0.638282
vt 0.612500 0.687500
vt 0.612500 0.312500
vt 0.514990 0.772961
vt 0.468920 0.292305
vt 0.487500 0.312500
vt 0.487500 0.687500
vt 0.487500 0.637532
vt 0.375000 0.362736
vt 0.375000 0.361719
vt 0.625000 0.361644
vt 0.612500 0.362468
vt 0.612500 0.687492
vt 0.612500 0.312500
vt 0.597959 0.381164
vt 0.362904 0.177070
vt 0.487500 0.312500
vt 0.487500 0.687500
vt 0.487500 0.360969
vt 0.625000 0.597111
vt 0.612500 0.637532
vt 0.612500 0.687500
vt 0.612500 0.312500
vt 0.364570 0.752141
vt 0.527197 0.715320
vt 0.468345 0.291680
vt 0.381524 0.677546
vt 0.487500 0.687500
vt 0.487500 0.312500
vt 0.487500 0.596843
vt 0.475000 0.637264
vt 0.475000 0.597111
vt 0.462500 0.637241
vt 0.462500 0.597134
vt 0.450000 0.637236
vt 0.450000 0.597140
vt 0.437500 0.637233
vt 0.437500 0.597142
vt 0.425000 0.637233
vt 0.425000 0.597142
vt 0.412500 0.637233
vt 0.412500 0.597142
vt 0.400000 0.637236
vt 0.400000 0.597140
vt 0.387500 0.637240
vt 0.387500 0.597134
vt 0.375000 0.637264
vt 0.625000 0.362736
vt 0.612500 0.403157
vt 0.612500 0.687500
vt 0.612500 0.312500
vt 0.462226 0.322454
vt 0.597509 0.383288
vt 0.378502 0.194024
vt 0.479180 0.247859
vt 0.487500 0.687500
vt 0.487500 0.312500
vt 0.487500 0.362468
vt 0.475000 0.402889
vt 0.475000 0.362736
vt 0.462500 0.402866
vt 0.462500 0.362759
vt 0.450000 0.402860
vt 0.450000 0.362765
vt 0.437500 0.402858
vt 0.437500 0.362767
vt 0.425000 0.402858
vt 0.425000 0.362767
vt 0.412500 0.402858
vt 0.412500 0.362767
vt 0.400000 0.402860
vt 0.400000 0.362765
vt 0.387500 0.402866
vt 0.387500 0.362759
vt 0.375000 0.402889
vt 0.375000 0.408476
vt 0.375000 0.403981
vt 0.387502 0.403946
vt 0.625000 0.403981
vt 0.612500 0.407656
vt 0.612500 0.687500
vt 0.612500 0.312500
vt 0.584853 0.443055
vt 0.460328 0.330808
vt 0.461601 0.325203
vt 0.380248 0.195922
vt 0.487500 0.312500
vt 0.487500 0.687500
vt 0.487500 0.404656
vt 0.475000 0.408484
vt 0.475000 0.403981
vt 0.462231 0.408546
vt 0.462498 0.403946
vt 0.449844 0.408561
vt 0.449999 0.403935
vt 0.437426 0.408566
vt 0.437500 0.403931
vt 0.425000 0.408566
vt 0.425000 0.403930
vt 0.412574 0.408566
vt 0.412500 0.403931
vt 0.400156 0.408561
vt 0.400001 0.403935
vt 0.387769 0.408546
vt 0.375000 0.596019
vt 0.387769 0.591454
vt 0.625000 0.591516
vt 0.612500 0.595344
vt 0.612500 0.687496
vt 0.612500 0.312500
vt 0.528564 0.708864
vt 0.382148 0.674797
vt 0.383422 0.669192
vt 0.452173 0.274102
vt 0.487500 0.312500
vt 0.487500 0.687500
vt 0.487500 0.592344
vt 0.475000 0.596019
vt 0.475000 0.591524
vt 0.462498 0.596054
vt 0.462231 0.591454
vt 0.449999 0.596065
vt 0.449844 0.591439
vt 0.437500 0.596069
vt 0.437426 0.591434
vt 0.425000 0.596070
vt 0.425000 0.591434
vt 0.412500 0.596069
vt 0.412574 0.591434
vt 0.400001 0.596065
vt 0.400156 0.591439
vt 0.387502 0.596054
vt 0.375000 0.642851
vt 0.375000 0.638356
vt 0.387502 0.638321
vt 0.625000 0.638356
vt 0.612500 0.642031
vt 0.612500 0.687500
vt 0.612500 0.312500
vt 0.514541 0.775086
vt 0.362671 0.760496
vt 0.363945 0.754891
vt 0.470092 0.293579
vt 0.487500 0.312500
vt 0.487500 0.687500
vt 0.487500 0.639031
vt 0.475000 0.642859
vt 0.475000 0.638356
vt 0.462231 0.642921
vt 0.462498 0.638321
vt 0.449844 0.642936
vt 0.449999 0.638310
vt 0.437426 0.642941
vt 0.437500 0.638306
vt 0.425000 0.642941
vt 0.425000 0.638305
vt 0.412574 0.642941
vt 0.412500 0.638306
vt 0.400156 0.642936
vt 0.400001 0.638310
vt 0.387769 0.642921
vt 0.375000 0.361644
vt 0.387769 0.357079
vt 0.625000 0.357141
vt 0.612500 0.360969
vt 0.612500 0.687495
vt 0.612500 0.312500
vt 0.598876 0.376833
vt 0.479805 0.245109
vt 0.481079 0.239504
vt 0.362330 0.176445
vt 0.487500 0.312500
vt 0.487500 0.687500
vt 0.487500 0.357969
vt 0.475000 0.361644
vt 0.475000 0.357149
vt 0.462498 0.361679
vt 0.462231 0.357079
vt 0.449999 0.361690
vt 0.449844 0.357064
vt 0.437500 0.361694
vt 0.437426 0.357059
vt 0.425000 0.361695
vt 0.425000 0.357059
vt 0.412500 0.361694
vt 0.412574 0.357059
vt 0.400001 0.361690
vt 0.400156 0.357064
vt 0.387502 0.361679
vt 0.500000 1.000000
vt 0.450000 1.000000
vt 0.450000 0.750000
vt 0.500000 0.750000
vt 0.550000 1.000000
vt 0.550000 0.750000
vt 0.600000 1.000000
vt 0.600000 0.750000
vt 0.650000 1.000000
vt 0.650000 0.750000
vt 0.700000 1.000000
vt 0.700000 0.750000
vt 0.750000 1.000000
vt 0.750000 0.750000
vt 0.800000 1.000000
vt 0.800000 0.750000
vt 0.850000 1.000000
vt 0.850000 0.750000
vt 0.900000 1.000000
vt 0.900000 0.750000
vt 0.950000 1.000000
vt 0.950000 0.750000
vt 0.450000 0.500000
vt 0.500000 0.500000
vt 0.550000 0.500000
vt 0.600000 0.500000
vt 0.650000 0.500000
vt 0.700000 0.500000
vt 0.750000 0.500000
vt 0.800000 0.500000
vt 0.850000 0.500000
vt 0.900000 0.500000
vt 0.950000 0.500000
vt 0.550000 0.250000
vt 0.600000 0.250000
vt 0.650000 0.250000
vt 0.700000 0.250000
vt 0.750000 0.250000
vt 0.800000 0.250000
vt 0.850000 0.250000
vt 0.500000 0.250000
vt 0.450000 0.250000
vt 0.450000 0.000000
vt 0.500000 0.000000
vt 0.550000 0.000000
vt 0.600000 0.000000
vt 0.650000 0.000000
vt 0.700000 0.000000
vt 0.750000 0.000000
vt 0.800000 0.000000
vt 0.850000 0.000000
vt 0.900000 0.250000
vt 0.900000 0.000000
vt 0.950000 0.250000
vt 0.950000 0.000000
vt 0.850000 0.250000
vt 0.850000 0.500000
vt 0.700000 0.500000
vt 0.700000 0.250000
vt 0.500000 1.000000
vt 0.450000 1.000000
vt 0.450000 0.750000
vt 0.500000 0.750000
vt 0.550000 1.000000
vt 0.550000 0.750000
vt 0.600000 1.000000
vt 0.600000 0.750000
vt 0.650000 1.000000
vt 0.650000 0.750000
vt 0.700000 1.000000
vt 0.700000 0.750000
vt 0.750000 1.000000
vt 0.750000 0.750000
vt 0.800000 1.000000
vt 0.800000 0.750000
vt 0.850000 1.000000
vt 0.850000 0.750000
vt 0.900000 1.000000
vt 0.900000 0.750000
vt 0.950000 1.000000
vt 0.950000 0.750000
vt 0.450000 0.500000
vt 0.500000 0.500000
vt 0.550000 0.500000
vt 0.600000 0.500000
vt 0.650000 0.500000
vt 0.700000 0.500000
vt 0.750000 0.500000
vt 0.800000 0.500000
vt 0.900000 0.500000
vt 0.950000 0.500000
vt 0.550000 0.250000
vt 0.600000 0.250000
vt 0.650000 0.250000
vt 0.700000 0.250000
vt 0.750000 0.250000
vt 0.800000 0.250000
vt 0.500000 0.250000
vt 0.450000 0.250000
vt 0.450000 0.000000
vt 0.500000 0.000000
vt 0.550000 0.000000
vt 0.600000 0.000000
vt 0.650000 0.000000
vt 0.700000 0.000000
vt 0.750000 0.000000
vt 0.800000 0.000000
vt 0.850000 0.000000
vt 0.900000 0.250000
vt 0.900000 0.000000
vt 0.950000 0.250000
vt 0.950000 0.000000
vt 0.700000 0.500000
vt 0.700000 0.500000
vt 0.700000 0.250000
vt 0.900000 0.250000
vt 0.500000 0.250000
vt 0.900000 0.250000
vt 0.500000 0.250000
vt 0.375000 0.312500
vt 0.387500 0.312500
vt 0.387500 0.687500
vt 0.375000 0.687500
vt 0.400000 0.312500
vt 0.400000 0.687500
vt 0.412500 0.312500
vt 0.412500 0.687500
vt 0.425000 0.312500
vt 0.425000 0.687500
vt 0.437500 0.312500
vt 0.437500 0.687500
vt 0.450000 0.312500
vt 0.450000 0.687500
vt 0.462500 0.312500
vt 0.462500 0.687500
vt 0.475000 0.312500
vt 0.475000 0.687500
vt 0.487500 0.312500
vt 0.487500 0.687500
vt 0.500000 0.312500
vt 0.500000 0.687500
vt 0.512500 0.312500
vt 0.512500 0.687500
vt 0.525000 0.312500
vt 0.525000 0.687500
vt 0.537500 0.312500
vt 0.537500 0.687500
vt 0.550000 0.312500
vt 0.550000 0.687500
vt 0.562500 0.312500
vt 0.562500 0.687500
vt 0.575000 0.312500
vt 0.575000 0.687500
vt 0.587500 0.312500
vt 0.587500 0.687500
vt 0.600000 0.312500
vt 0.600000 0.687500
vt 0.612500 0.312500
vt 0.612500 0.687500
vt 0.625000 0.312500
vt 0.625000 0.687500
vt 0.626409 0.064408
vt 0.648603 0.107966
vt 0.500000 0.156250
vt 0.591842 0.029841
vt 0.548284 0.007647
vt 0.500000 -0.000000
vt 0.451716 0.007647
vt 0.408159 0.029841
vt 0.373591 0.064409
vt 0.351397 0.107966
vt 0.343750 0.156250
vt 0.351397 0.204534
vt 0.373591 0.248091
vt 0.408159 0.282659
vt 0.451716 0.304853
vt 0.500000 0.312500
vt 0.548284 0.304853
vt 0.591841 0.282659
vt 0.626409 0.248091
vt 0.648603 0.204534
vt 0.656250 0.156250
vt 0.648603 0.892034
vt 0.626409 0.935591
vt 0.626409 0.935591
vt 0.648603 0.892034
vt 0.591841 0.970159
vt 0.591841 0.970159
vt 0.548284 0.992353
vt 0.548284 0.992353
vt 0.500000 1.000000
vt 0.500000 1.000000
vt 0.451716 0.992353
vt 0.451716 0.992353
vt 0.408159 0.970159
vt 0.408159 0.970159
vt 0.373591 0.935591
vt 0.373591 0.935591
vt 0.351397 0.892034
vt 0.351397 0.892034
vt 0.343750 0.843750
vt 0.343750 0.843750
vt 0.351397 0.795466
vt 0.351397 0.795466
vt 0.373591 0.751909
vt 0.373591 0.751909
vt 0.408159 0.717341
vt 0.408159 0.717341
vt 0.451716 0.695147
vt 0.451716 0.695147
vt 0.500000 0.687500
vt 0.500000 0.687500
vt 0.548284 0.695147
vt 0.548284 0.695147
vt 0.591842 0.717341
vt 0.591842 0.717341
vt 0.626409 0.751908
vt 0.626409 0.751908
vt 0.648603 0.795466
vt 0.648603 0.795466
vt 0.656250 0.843750
vt 0.656250 0.843750
vt 0.626409 0.935591
vt 0.648603 0.892034
vt 0.591841 0.970159
vt 0.548284 0.992353
vt 0.500000 1.000000
vt 0.451716 0.992353
vt 0.408159 0.970159
vt 0.373591 0.935591
vt 0.351397 0.892034
vt 0.343750 0.843750
vt 0.351397 0.795466
vt 0.373591 0.751909
vt 0.408159 0.717341
vt 0.451716 0.695147
vt 0.500000 0.687500
vt 0.548284 0.695147
vt 0.591842 0.717341
vt 0.626409 0.751908
vt 0.648603 0.795466
vt 0.656250 0.843750
vt 0.648603 0.892034
vt 0.615620 0.881317
vt 0.621570 0.843750
vt 0.656250 0.843750
vt 0.626409 0.935591
vt 0.598352 0.915206
vt 0.591841 0.970159
vt 0.571458 0.942101
vt 0.548284 0.992353
vt 0.537566 0.959370
vt 0.500000 1.000000
vt 0.499999 0.965320
vt 0.451716 0.992353
vt 0.462433 0.959370
vt 0.408159 0.970159
vt 0.428543 0.942102
vt 0.373591 0.935591
vt 0.401648 0.915207
vt 0.351397 0.892034
vt 0.384380 0.881317
vt 0.343750 0.843750
vt 0.378430 0.843750
vt 0.351397 0.795466
vt 0.384380 0.806184
vt 0.373591 0.751909
vt 0.401648 0.772293
vt 0.408159 0.717341
vt 0.428544 0.745397
vt 0.451716 0.695147
vt 0.462433 0.728130
vt 0.500000 0.687500
vt 0.500000 0.722180
vt 0.548284 0.695147
vt 0.537567 0.728130
vt 0.591842 0.717341
vt 0.571458 0.745398
vt 0.626409 0.751908
vt 0.598352 0.772293
vt 0.648603 0.795466
vt 0.615620 0.806182
vt 0.500000 0.843750
vt 0.648603 0.892034
vt 0.648603 0.892034
vt 0.656250 0.843750
vt 0.656250 0.843750
vt 0.626409 0.935591
vt 0.626409 0.935591
vt 0.591841 0.970159
vt 0.591841 0.970159
vt 0.548284 0.992353
vt 0.548284 0.992353
vt 0.500000 1.000000
vt 0.500000 1.000000
vt 0.451716 0.992353
vt 0.451716 0.992353
vt 0.408158 0.970159
vt 0.408159 0.970159
vt 0.373591 0.935591
vt 0.373591 0.935591
vt 0.351397 0.892034
vt 0.351397 0.892034
vt 0.343750 0.843750
vt 0.343750 0.843750
vt 0.351397 0.795466
vt 0.351397 0.795466
vt 0.373591 0.751909
vt 0.373591 0.751909
vt 0.408159 0.717341
vt 0.408159 0.717341
vt 0.451716 0.695147
vt 0.451716 0.695147
vt 0.500000 0.687500
vt 0.500000 0.687500
vt 0.548284 0.695147
vt 0.548284 0.695147
vt 0.591841 0.717341
vt 0.591842 0.717341
vt 0.626409 0.751908
vt 0.626409 0.751908
vt 0.648603 0.795466
vt 0.648603 0.795466
vn 0.000000 0.000000 -1.000000
vn 0.000000 0.000000 -1.000000
vn 0.000000 0.000000 -1.000000
vn 0.000000 0.000000 -1.000000
vn 0.000000 0.000000 -1.000000
vn 0.000000 0.000000 -1.000000
vn 0.000000 0.000000 -1.000000
vn 0.000000 0.000000 -1.000000
vn 0.000000 0.000000 -1.000000
vn 0.000000 0.000000 -1.000000
vn 0.000000 0.000000 -1.000000
vn 0.000000 0.000000 -1.000000
vn 0.000000 0.000000 -1.000000
vn 0.000000 0.000000 -1.000000
vn 0.000000 0.000000 -1.000000
vn 0.000000 0.000000 -1.000000
vn 0.000000 0.000000 -1.000000
vn 0.000000 0.000000 -1.000000
vn 0.000000 0.000000 -1.000000
vn 0.000000 0.000000 -1.000000
vn 0.000000 0.000000 -1.000000
vn 0.000000 0.000000 -1.000000
vn 0.000000 0.000000 -1.000000
vn 0.000000 0.000000 -1.000000
vn 0.000000 0.000000 -1.000000
vn 0.000000 0.000000 -1.000000
vn 0.000000 0.000000 -1.000000
vn 0.000000 0.000000 -1.000000
vn 0.000000 0.000000 -1.000000
vn 0.000000 0.000000 -1.000000
vn 0.000000 0.000000 1.000000
vn 0.000000 0.000000 1.000000
vn 0.000000 0.000000 1.000000
vn 0.000000 0.000000 1.000000
vn 0.000000 0.000000 1.000000
vn 0.000000 0.000000 1.000000
vn 0.000000 0.000000 1.000000
vn 0.000000 0.000000 1.000000
vn 0.000000 0.000000 1.000000
vn 0.000000 0.000000 1.000000
vn 0.000000 0.000000 1.000000
vn 0.000000 0.000000 1.000000
vn 0.000000 0.000000 1.000000
vn 0.000000 0.000000 1.000000
vn 0.000000 0.000000 1.000000
vn 0.000000 0.000000 1.000000
vn 0.000000 0.000000 1.000000
vn 0.000000 0.000000 1.000000
vn 0.000000 0.000000 1.000000
vn 0.000000 0.000000 1.000000
vn 0.000000 0.000000 1.000000
vn 0.000000 0.000000 1.000000
vn 0.000000 0.000000 1.000000
vn 0.000000 0.000000 1.000000
vn 0.000000 0.000000 1.000000
vn 0.000000 0.000000 1.000000
vn 0.000000 0.000000 1.000000
vn 0.000000 0.000000 1.000000
vn 0.000000 0.000000 1.000000
vn 0.000000 0.000000 1.000000
vn 0.000000 0.000000 -1.000000
vn 0.000000 0.000000 -1.000000
vn 0.000000 0.000000 -1.000000
vn 0.000000 0.000000 -1.000000
vn 0.000000 0.000000 -1.000000
vn 0.000000 0.000000 -1.000000
vn 0.000000 0.000000 -1.000000
vn 0.000000 0.000000 -1.000000
vn 0.000000 0.000000 1.000000
vn 0.000000 0.000000 1.000000
vn 0.000000 0.000000 1.000000
vn 0.000000 0.000000 1.000000
vn 0.000000 0.000000 1.000000
vn 0.000000 0.000000 1.000000
vn 0.000000 0.000000 1.000000
vn 0.000000 0.000000 1.000000
vn 0.985568 0.169278 0.000000
vn 0.985568 0.169278 0.000000
vn 0.985568 0.169278 0.000000
vn 0.985568 0.169278 0.000000
vn 1.000000 0.000000 0.000000
vn 1.000000 0.000000 0.000000
vn 1.000000 0.000000 0.000000
vn 1.000000 0.000000 0.000000
vn 0.000000 -1.000000 0.000000
vn 0.000000 -1.000000 0.000000
vn 0.000000 -1.000000 0.000000
vn 0.000000 -1.000000 0.000000
vn 0.000000 -1.000000 0.000000
vn 0.000000 -1.000000 0.000000
vn 0.000000 -1.000000 0.000000
vn 0.000000 -1.000000 0.000000
vn -1.000000 0.000000 0.000000
vn -1.000000 0.000000 0.000000
vn -1.000000 0.000000 0.000000
vn -1.000000 0.000000 0.000000
vn -0.985568 0.169280 0.000000
vn -0.985568 0.169280 0.000000
vn -0.985568 0.169280 0.000000
vn -0.985568 0.169280 0.000000
vn -0.875271 0.483632 0.000000
vn -0.875271 0.483632 0.000000
vn -0.875271 0.483632 0.000000
vn -0.875271 0.483632 0.000000
vn -0.677905 0.735149 -0.000000
vn -0.677905 0.735149 -0.000000
vn -0.677905 0.735149 -0.000000
vn -0.677905 0.735149 -0.000000
vn -0.425250 0.905076 -0.000000
vn -0.425250 0.905076 -0.000000
vn -0.425250 0.905076 -0.000000
vn -0.425250 0.905076 -0.000000
vn -0.144518 0.989502 0.000000
vn -0.144518 0.989502 0.000000
vn -0.144518 0.989502 0.000000
vn -0.144518 0.989502 0.000000
vn 0.144517 0.989502 -0.000000
vn 0.144517 0.989502 -0.000000
vn 0.144517 0.989502 -0.000000
vn 0.144517 0.989502 -0.000000
vn 0.425250 0.905076 -0.000001
vn 0.425250 0.905076 -0.000001
vn 0.425250 0.905076 -0.000001
vn 0.425250 0.905076 -0.000001
vn 0.677905 0.735150 -0.000000
vn 0.677905 0.735150 -0.000000
vn 0.677905 0.735150 -0.000000
vn 0.677905 0.735150 -0.000000
vn 0.875272 0.483632 0.000000
vn 0.875272 0.483632 0.000000
vn 0.875272 0.483632 0.000000
vn 0.875271 0.483632 0.000000
vn 0.983027 0.171985 -0.063866
vn 0.983027 0.171985 -0.063866
vn 0.983027 0.171985 -0.063866
vn 0.983027 0.171985 -0.063866
vn 0.764222 0.424598 -0.485470
vn 0.764222 0.424598 -0.485470
vn 0.764222 0.424598 -0.485470
vn 0.764222 0.424598 -0.485471
vn 0.532135 0.577338 -0.619284
vn 0.532135 0.577338 -0.619284
vn 0.532135 0.577338 -0.619284
vn 0.532135 0.577338 -0.619284
vn 1.000000 0.000000 0.000000
vn 1.000000 0.000000 0.000000
vn 1.000000 0.000000 0.000000
vn 1.000000 0.000000 0.000000
vn 0.000000 -1.000000 0.000001
vn 0.000000 -1.000000 0.000001
vn 0.000000 -1.000000 0.000001
vn 0.000000 -1.000000 0.000001
vn 0.000000 -1.000000 0.000001
vn 0.000000 -1.000000 0.000001
vn 0.000000 -1.000000 0.000001
vn 0.000000 -1.000000 0.000001
vn -1.000000 0.000000 0.000000
vn -1.000000 0.000000 0.000000
vn -1.000000 0.000000 0.000000
vn -1.000000 0.000000 0.000000
vn -0.983330 0.171823 -0.059485
vn -0.983330 0.171823 -0.059485
vn -0.983330 0.171823 -0.059485
vn -0.983330 0.171823 -0.059485
vn -0.768269 0.427257 -0.476669
vn -0.768270 0.427257 -0.476669
vn -0.768270 0.427257 -0.476669
vn -0.768270 0.427257 -0.476669
vn -0.532141 0.577339 -0.619278
vn -0.532141 0.577339 -0.619278
vn -0.532141 0.577339 -0.619278
vn -0.532141 0.577339 -0.619278
vn -0.335764 0.714738 -0.613524
vn -0.335764 0.714738 -0.613524
vn -0.335764 0.714738 -0.613524
vn -0.335764 0.714738 -0.613524
vn -0.114632 0.784892 -0.608937
vn -0.114632 0.784892 -0.608937
vn -0.114632 0.784892 -0.608936
vn -0.114632 0.784892 -0.608937
vn 0.114627 0.784886 -0.608945
vn 0.114627 0.784886 -0.608945
vn 0.114627 0.784886 -0.608945
vn 0.114627 0.784886 -0.608945
vn 0.335763 0.714725 -0.613540
vn 0.335763 0.714725 -0.613540
vn 0.335763 0.714725 -0.613540
vn 0.335763 0.714725 -0.613540
vn 0.768269 0.427251 0.476676
vn 0.768269 0.427251 0.476676
vn 0.768269 0.427251 0.476676
vn 0.768269 0.427251 0.476676
vn 0.983331 0.171822 0.059486
vn 0.983331 0.171822 0.059486
vn 0.983330 0.171821 0.059486
vn 0.983331 0.171822 0.059486
vn 0.532139 0.577342 0.619278
vn 0.532139 0.577342 0.619278
vn 0.532139 0.577342 0.619278
vn 0.532139 0.577342 0.619278
vn 1.000000 0.000000 0.000000
vn 1.000000 0.000000 0.000000
vn 1.000000 0.000000 0.000000
vn 1.000000 0.000000 0.000000
vn 0.000000 -1.000000 -0.000001
vn 0.000000 -1.000000 -0.000001
vn 0.000000 -1.000000 -0.000001
vn 0.000000 -1.000000 -0.000001
vn 0.000000 -1.000000 -0.000001
vn 0.000000 -1.000000 -0.000001
vn 0.000000 -1.000000 -0.000001
vn 0.000000 -1.000000 -0.000001
vn -1.000000 -0.000000 0.000000
vn -1.000000 -0.000000 0.000000
vn -1.000000 -0.000000 0.000000
vn -1.000000 -0.000000 0.000000
vn -0.983027 0.171987 0.063867
vn -0.983027 0.171987 0.063867
vn -0.983027 0.171987 0.063867
vn -0.983027 0.171987 0.063867
vn -0.764220 0.424603 0.485469
vn -0.764220 0.424603 0.485469
vn -0.764220 0.424603 0.485469
vn -0.764220 0.424603 0.485469
vn -0.532140 0.577339 0.619279
vn -0.532140 0.577339 0.619279
vn -0.532140 0.577339 0.619279
vn -0.532140 0.577339 0.619279
vn -0.335761 0.714736 0.613529
vn -0.335761 0.714736 0.613529
vn -0.335761 0.714736 0.613529
vn -0.335761 0.714736 0.613529
vn -0.114633 0.784886 0.608945
vn -0.114633 0.784886 0.608945
vn -0.114633 0.784886 0.608945
vn -0.114633 0.784886 0.608945
vn 0.114632 0.784879 0.608953
vn 0.114632 0.784879 0.608953
vn 0.114632 0.784879 0.608953
vn 0.114632 0.784879 0.608953
vn 0.335764 0.714738 0.613524
vn 0.335764 0.714738 0.613524
vn 0.335764 0.714738 0.613524
vn 0.335764 0.714738 0.613524
vn 0.983027 0.171986 -0.063868
vn 0.983027 0.171986 -0.063868
vn 0.983027 0.171986 -0.063868
vn 0.983027 0.171986 -0.063868
vn 0.764222 0.424603 -0.485465
vn 0.764222 0.424603 -0.485465
vn 0.764222 0.424603 -0.485465
vn 0.764222 0.424603 -0.485465
vn 0.532131 0.577334 -0.619292
vn 0.532131 0.577334 -0.619292
vn 0.532131 0.577334 -0.619292
vn 0.532131 0.577334 -0.619292
vn 1.000000 0.000000 0.000000
vn 1.000000 0.000000 0.000000
vn 1.000000 0.000000 0.000000
vn 1.000000 0.000000 0.000000
vn 0.000000 -1.000000 0.000000
vn 0.000000 -1.000000 0.000000
vn 0.000000 -1.000000 0.000000
vn 0.000000 -1.000000 0.000000
vn 0.000000 -1.000000 0.000000
vn 0.000000 -1.000000 0.000000
vn 0.000000 -1.000000 0.000000
vn 0.000000 -1.000000 0.000000
vn -1.000000 0.000000 0.000000
vn -1.000000 0.000000 0.000000
vn -1.000000 0.000000 0.000000
vn -1.000000 0.000000 0.000000
vn -0.983330 0.171824 -0.059487
vn -0.983330 0.171824 -0.059487
vn -0.983330 0.171824 -0.059487
vn -0.983330 0.171824 -0.059487
vn -0.768274 0.427254 -0.476666
vn -0.768274 0.427254 -0.476666
vn -0.768274 0.427254 -0.476666
vn -0.768274 0.427254 -0.476666
vn -0.532141 0.577331 -0.619286
vn -0.532141 0.577331 -0.619286
vn -0.532141 0.577331 -0.619286
vn -0.532141 0.577331 -0.619286
vn -0.335756 0.714716 -0.613554
vn -0.335756 0.714716 -0.613554
vn -0.335756 0.714716 -0.613554
vn -0.335756 0.714716 -0.613554
vn -0.114630 0.784862 -0.608976
vn -0.114630 0.784862 -0.608976
vn -0.114630 0.784862 -0.608976
vn -0.114630 0.784862 -0.608976
vn 0.114630 0.784868 -0.608968
vn 0.114630 0.784868 -0.608968
vn 0.114630 0.784868 -0.608968
vn 0.114630 0.784868 -0.608968
vn 0.335753 0.714717 -0.613555
vn 0.335753 0.714717 -0.613555
vn 0.335753 0.714717 -0.613555
vn 0.335753 0.714717 -0.613555
vn 0.768265 0.427256 0.476677
vn 0.768265 0.427256 0.476677
vn 0.768265 0.427256 0.476677
vn 0.768265 0.427256 0.476677
vn 0.983331 0.171821 0.059485
vn 0.983331 0.171821 0.059485
vn 0.983331 0.171821 0.059485
vn 0.983331 0.171821 0.059485
vn 0.532146 0.577345 0.619269
vn 0.532146 0.577345 0.619269
vn 0.532146 0.577345 0.619269
vn 0.532146 0.577345 0.619269
vn 1.000000 -0.000000 0.000000
vn 1.000000 -0.000000 0.000000
vn 1.000000 -0.000000 0.000000
vn 1.000000 -0.000000 0.000000
vn 0.000000 -1.000000 0.000000
vn 0.000000 -1.000000 0.000000
vn 0.000000 -1.000000 0.000000
vn 0.000000 -1.000000 0.000000
vn 0.000000 -1.000000 0.000000
vn 0.000000 -1.000000 0.000000
vn 0.000000 -1.000000 0.000000
vn 0.000000 -1.000000 0.000000
vn -1.000000 -0.000000 0.000000
vn -1.000000 -0.000000 0.000000
vn -1.000000 -0.000000 0.000000
vn -1.000000 -0.000000 0.000000
vn -0.983027 0.171986 0.063867
vn -0.983027 0.171986 0.063867
vn -0.983027 0.171986 0.063867
vn -0.983027 0.171986 0.063867
vn -0.764216 0.424597 0.485480
vn -0.764216 0.424597 0.485480
vn -0.764216 0.424597 0.485480
vn -0.764216 0.424597 0.485480
vn -0.532138 0.577336 0.619283
vn -0.532138 0.577336 0.619283
vn -0.532138 0.577336 0.619283
vn -0.532138 0.577336 0.619283
vn -0.335761 0.714732 0.613533
vn -0.335761 0.714732 0.613533
vn -0.335761 0.714732 0.613533
vn -0.335761 0.714732 0.613533
vn -0.114631 0.784873 0.608962
vn -0.114631 0.784873 0.608962
vn -0.114631 0.784873 0.608962
vn -0.114631 0.784873 0.608962
vn 0.114632 0.784879 0.608953
vn 0.114632 0.784879 0.608953
vn 0.114632 0.784879 0.608953
vn 0.114632 0.784879 0.608953
vn 0.335760 0.714736 0.613529
vn 0.335760 0.714736 0.613529
vn 0.335760 0.714736 0.613529
vn 0.335760 0.714736 0.613529
vn 0.875271 0.483632 0.000000
vn 0.875271 0.483632 0.000000
vn 0.875271 0.483632 0.000000
vn 0.875271 0.483632 0.000000
vn 0.677905 0.735150 0.000000
vn 0.677905 0.735150 0.000000
vn 0.677905 0.735150 0.000000
vn 0.677905 0.735150 0.000000
vn 0.425250 0.905076 0.000000
vn 0.425250 0.905076 0.000000
vn 0.425250 0.905076 0.000000
vn 0.425250 0.905076 0.000000
vn 0.144517 0.989502 0.000000
vn 0.144517 0.989502 0.000000
vn 0.144517 0.989502 0.000000
vn 0.144517 0.989502 0.000000
vn -0.144518 0.989502 0.000000
vn -0.144518 0.989502 0.000000
vn -0.144518 0.989502 0.000000
vn -0.144518 0.989502 0.000000
vn -0.425250 0.905076 0.000000
vn -0.425250 0.905076 0.000000
vn -0.425250 0.905076 0.000000
vn -0.425250 0.905076 0.000000
vn -0.677905 0.735149 0.000000
vn -0.677905 0.735149 0.000000
vn -0.677905 0.735149 0.000000
vn -0.677905 0.735149 0.000000
vn -0.875271 0.483633 0.000000
vn -0.875271 0.483633 0.000000
vn -0.875271 0.483633 0.000000
vn -0.875271 0.483633 0.000000
vn -0.985568 0.169280 0.000000
vn -0.985568 0.169280 0.000000
vn -0.985568 0.169280 0.000000
vn -0.985568 0.169280 0.000000
vn 0.985568 0.169278 0.000000
vn 0.985568 0.169278 0.000000
vn 0.985568 0.169278 0.000000
vn 0.985568 0.169278 0.000000
vn -1.000000 0.000000 0.000000
vn -1.000000 0.000000 0.000000
vn -1.000000 0.000000 0.000000
vn -1.000000 0.000000 0.000000
vn 1.000000 0.000000 0.000000
vn 1.000000 0.000000 0.000000
vn 1.000000 0.000000 0.000000
vn 1.000000 0.000000 0.000000
vn 0.000000 -1.000000 0.000000
vn 0.000000 -1.000000 0.000000
vn 0.000000 -1.000000 0.000000
vn 0.000000 -1.000000 0.000000
vn 0.000000 -1.000000 0.000000
vn 0.000000 -1.000000 0.000000
vn 0.000000 -1.000000 0.000000
vn 0.000000 -1.000000 0.000000
vn 0.985568 0.169278 -0.000000
vn 0.985568 0.169278 -0.000000
vn 0.985568 0.169278 -0.000000
vn 0.985568 0.169278 -0.000000
vn 1.000000 0.000000 0.000000
vn 1.000000 0.000000 0.000000
vn 1.000000 0.000000 0.000000
vn 1.000000 0.000000 0.000000
vn 0.000000 -1.000000 -0.000000
vn 0.000000 -1.000000 -0.000000
vn 0.000000 -1.000000 -0.000000
vn 0.000000 -1.000000 -0.000000
vn 0.000000 -1.000000 -0.000000
vn 0.000000 -1.000000 -0.000000
vn 0.000000 -1.000000 -0.000000
vn 0.000000 -1.000000 -0.000000
vn -1.000000 0.000000 0.000000
vn -1.000000 0.000000 0.000000
vn -1.000000 0.000000 0.000000
vn -1.000000 0.000000 0.000000
vn -0.985568 0.169280 -0.000000
vn -0.985568 0.169280 -0.000000
vn -0.985568 0.169280 -0.000000
vn -0.985568 0.169280 -0.000000
vn -0.875271 0.483633 -0.000001
vn -0.875271 0.483633 -0.000001
vn -0.875271 0.483633 -0.000001
vn -0.875271 0.483633 -0.000001
vn -0.677906 0.735148 -0.000000
vn -0.677906 0.735148 -0.000000
vn -0.677906 0.735148 -0.000000
vn -0.677906 0.735148 -0.000000
vn -0.425250 0.905076 0.000001
vn -0.425250 0.905076 0.000001
vn -0.425250 0.905076 0.000001
vn -0.425250 0.905076 0.000001
vn -0.144516 0.989503 -0.000001
vn -0.144516 0.989502 -0.000001
vn -0.144516 0.989502 -0.000001
vn -0.144516 0.989502 -0.000001
vn 0.144513 0.989503 0.000001
vn 0.144513 0.989503 0.000001
vn 0.144513 0.989503 0.000001
vn 0.144513 0.989503 0.000001
vn 0.425253 0.905075 0.000002
vn 0.425253 0.905075 0.000002
vn 0.425253 0.905075 0.000002
vn 0.425253 0.905075 0.000002
vn 0.677903 0.735152 0.000001
vn 0.677903 0.735152 0.000001
vn 0.677903 0.735152 0.000001
vn 0.677903 0.735152 0.000001
vn 0.875272 0.483631 0.000001
vn 0.875272 0.483630 0.000001
vn 0.875272 0.483631 0.000001
vn 0.875272 0.483631 0.000001
vn 0.985568 0.169278 0.000000
vn 0.985568 0.169279 0.000000
vn 0.985568 0.169279 0.000000
vn 0.985568 0.169279 0.000000
vn 1.000000 0.000000 0.000000
vn 1.000000 0.000000 0.000000
vn 1.000000 0.000000 0.000000
vn 1.000000 0.000000 0.000000
vn 0.000000 -1.000000 0.000000
vn 0.000000 -1.000000 0.000000
vn 0.000000 -1.000000 0.000000
vn 0.000000 -1.000000 0.000000
vn 0.000000 -1.000000 0.000000
vn 0.000000 -1.000000 0.000000
vn 0.000000 -1.000000 0.000000
vn 0.000000 -1.000000 0.000000
vn -1.000000 0.000000 0.000000
vn -1.000000 0.000000 0.000000
vn -1.000000 0.000000 0.000000
vn -1.000000 0.000000 0.000000
vn -0.985568 0.169280 0.000000
vn -0.985568 0.169280 0.000000
vn -0.985568 0.169280 0.000000
vn -0.985568 0.169280 0.000000
vn -0.875271 0.483633 0.000000
vn -0.875271 0.483633 0.000000
vn -0.875271 0.483633 0.000000
vn -0.875271 0.483633 0.000000
vn -0.677905 0.735149 0.000000
vn -0.677905 0.735149 0.000000
vn -0.677905 0.735149 0.000000
vn -0.677905 0.735149 0.000000
vn -0.425250 0.905076 0.000000
vn -0.425250 0.905076 0.000000
vn -0.425250 0.905076 0.000000
vn -0.425250 0.905076 0.000000
vn -0.144518 0.989502 0.000000
vn -0.144518 0.989502 0.000000
vn -0.144518 0.989502 0.000000
vn -0.144518 0.989502 0.000000
vn 0.144517 0.989502 0.000000
vn 0.144517 0.989502 0.000000
vn 0.144517 0.989502 0.000000
vn 0.144517 0.989502 0.000000
vn 0.425250 0.905076 0.000000
vn 0.425250 0.905076 0.000000
vn 0.425250 0.905076 0.000000
vn 0.425250 0.905076 0.000000
vn 0.677905 0.735150 0.000000
vn 0.677905 0.735150 0.000000
vn 0.677905 0.735150 0.000000
vn 0.677905 0.735150 0.000000
vn 0.875272 0.483632 0.000000
vn 0.875272 0.483632 0.000000
vn 0.875272 0.483632 0.000000
vn 0.875272 0.483632 0.000000
vn 0.060018 0.953127 -0.296557
vn 0.060018 0.953127 -0.296557
vn 0.060018 0.953127 -0.296557
vn 0.060018 0.953127 -0.296557
vn 0.000855 0.801316 -0.598241
vn 0.000855 0.801316 -0.598241
vn 0.000855 0.801316 -0.598241
vn 0.000855 0.801316 -0.598241
vn 0.000172 0.796678 -0.604404
vn 0.000172 0.796678 -0.604404
vn 0.000172 0.796678 -0.604404
vn 0.000172 0.796678 -0.604404
vn 1.000000 0.000000 0.000000
vn 1.000000 0.000000 0.000000
vn 1.000000 0.000000 0.000000
vn 1.000000 0.000000 0.000000
vn 0.000000 -1.000000 0.000000
vn 0.000000 -1.000000 0.000000
vn 0.000000 -1.000000 0.000000
vn 0.000000 -1.000000 0.000000
vn 0.000000 -1.000000 0.000000
vn 0.000000 -1.000000 0.000000
vn 0.000000 -1.000000 0.000000
vn 0.000000 -1.000000 0.000000
vn -1.000000 0.000000 0.000000
vn -1.000000 0.000000 0.000000
vn -1.000000 0.000000 0.000000
vn -1.000000 0.000000 0.000000
vn -0.060018 0.953128 -0.296556
vn -0.060018 0.953128 -0.296556
vn -0.060018 0.953128 -0.296556
vn -0.060018 0.953128 -0.296556
vn -0.000856 0.801312 -0.598247
vn -0.000856 0.801312 -0.598247
vn -0.000856 0.801312 -0.598247
vn -0.000856 0.801312 -0.598247
vn -0.000171 0.796680 -0.604401
vn -0.000171 0.796680 -0.604401
vn -0.000171 0.796680 -0.604401
vn -0.000171 0.796680 -0.604401
vn -0.000056 0.794581 -0.607158
vn -0.000056 0.794581 -0.607158
vn -0.000056 0.794581 -0.607158
vn -0.000056 0.794581 -0.607158
vn -0.000015 0.793827 -0.608144
vn -0.000015 0.793827 -0.608144
vn -0.000015 0.793827 -0.608144
vn -0.000015 0.793827 -0.608144
vn 0.000015 0.793825 -0.608146
vn 0.000015 0.793825 -0.608146
vn 0.000015 0.793825 -0.608146
vn 0.000015 0.793825 -0.608146
vn 0.000057 0.794585 -0.607152
vn 0.000057 0.794586 -0.607152
vn 0.000057 0.794586 -0.607152
vn 0.000057 0.794586 -0.607152
vn 0.000854 0.801315 0.598242
vn 0.000854 0.801315 0.598242
vn 0.000854 0.801315 0.598242
vn 0.000854 0.801315 0.598242
vn 0.060019 0.953129 0.296551
vn 0.060019 0.953129 0.296551
vn 0.060019 0.953129 0.296551
vn 0.060019 0.953129 0.296551
vn 0.000171 0.796685 0.604395
vn 0.000171 0.796685 0.604395
vn 0.000171 0.796685 0.604395
vn 0.000171 0.796685 0.604395
vn 1.000000 0.000000 0.000000
vn 1.000000 0.000000 0.000000
vn 1.000000 0.000000 0.000000
vn 1.000000 0.000000 0.000000
vn 0.000000 -1.000000 0.000000
vn 0.000000 -1.000000 0.000000
vn 0.000000 -1.000000 0.000000
vn 0.000000 -1.000000 0.000000
vn 0.000000 -1.000000 0.000000
vn 0.000000 -1.000000 0.000000
vn 0.000000 -1.000000 0.000000
vn 0.000000 -1.000000 0.000000
vn -1.000000 0.000000 0.000000
vn -1.000000 0.000000 0.000000
vn -1.000000 0.000000 0.000000
vn -1.000000 0.000000 0.000000
vn -0.060018 0.953129 0.296551
vn -0.060018 0.953129 0.296551
vn -0.060018 0.953129 0.296551
vn -0.060018 0.953129 0.296551
vn -0.000855 0.801312 0.598247
vn -0.000855 0.801312 0.598247
vn -0.000855 0.801312 0.598247
vn -0.000855 0.801312 0.598247
vn -0.000171 0.796685 0.604394
vn -0.000171 0.796685 0.604394
vn -0.000171 0.796685 0.604394
vn -0.000171 0.796685 0.604394
vn -0.000057 0.794581 0.607158
vn -0.000057 0.794581 0.607158
vn -0.000057 0.794581 0.607158
vn -0.000057 0.794581 0.607158
vn -0.000015 0.793821 0.608152
vn -0.000015 0.793821 0.608152
vn -0.000015 0.793820 0.608152
vn -0.000015 0.793821 0.608152
vn 0.000015 0.793819 0.608155
vn 0.000015 0.793819 0.608155
vn 0.000015 0.793819 0.608155
vn 0.000015 0.793819 0.608155
vn 0.000057 0.794586 0.607152
vn 0.000057 0.794585 0.607152
vn 0.000057 0.794585 0.607152
vn 0.000057 0.794586 0.607152
vn 0.060022 0.953126 -0.296562
vn 0.060022 0.953126 -0.296562
vn 0.060022 0.953126 -0.296562
vn 0.060022 0.953126 -0.296562
vn 0.000854 0.801309 -0.598250
vn 0.000854 0.801309 -0.598250
vn 0.000854 0.801309 -0.598250
vn 0.000854 0.801309 -0.598250
vn 0.000171 0.796672 -0.604412
vn 0.000171 0.796672 -0.604412
vn 0.000171 0.796672 -0.604412
vn 0.000171 0.796672 -0.604412
vn 1.000000 0.000000 0.000000
vn 1.000000 0.000000 0.000000
vn 1.000000 0.000000 0.000000
vn 1.000000 0.000000 0.000000
vn 0.000000 -1.000000 0.000000
vn 0.000000 -1.000000 0.000000
vn 0.000000 -1.000000 0.000000
vn 0.000000 -1.000000 0.000000
vn 0.000000 -1.000000 0.000000
vn 0.000000 -1.000000 0.000000
vn 0.000000 -1.000000 0.000000
vn 0.000000 -1.000000 0.000000
vn -1.000000 0.000000 0.000000
vn -1.000000 0.000000 0.000000
vn -1.000000 0.000000 0.000000
vn -1.000000 0.000000 0.000000
vn -0.060020 0.953127 -0.296559
vn -0.060020 0.953127 -0.296559
vn -0.060020 0.953127 -0.296559
vn -0.060020 0.953127 -0.296559
vn -0.000854 0.801305 -0.598255
vn -0.000854 0.801305 -0.598255
vn -0.000854 0.801305 -0.598255
vn -0.000854 0.801305 -0.598255
vn -0.000170 0.796674 -0.604410
vn -0.000170 0.796674 -0.604410
vn -0.000170 0.796674 -0.604410
vn -0.000170 0.796674 -0.604410
vn -0.000057 0.794575 -0.607166
vn -0.000057 0.794575 -0.607166
vn -0.000057 0.794575 -0.607166
vn -0.000057 0.794575 -0.607166
vn -0.000015 0.793821 -0.608152
vn -0.000015 0.793821 -0.608152
vn -0.000015 0.793821 -0.608152
vn -0.000015 0.793821 -0.608152
vn 0.000014 0.793819 -0.608155
vn 0.000014 0.793819 -0.608155
vn 0.000014 0.793819 -0.608155
vn 0.000014 0.793819 -0.608155
vn 0.000058 0.794579 -0.607161
vn 0.000058 0.794579 -0.607161
vn 0.000058 0.794579 -0.607161
vn 0.000058 0.794579 -0.607161
vn 0.000854 0.801328 0.598225
vn 0.000854 0.801328 0.598225
vn 0.000854 0.801328 0.598225
vn 0.000854 0.801328 0.598225
vn 0.060020 0.953131 0.296547
vn 0.060020 0.953131 0.296547
vn 0.060020 0.953131 0.296547
vn 0.060020 0.953130 0.296547
vn 0.000172 0.796678 0.604404
vn 0.000172 0.796678 0.604404
vn 0.000172 0.796678 0.604404
vn 0.000172 0.796678 0.604404
vn 1.000000 0.000000 0.000000
vn 1.000000 0.000000 0.000000
vn 1.000000 0.000000 0.000000
vn 1.000000 0.000000 0.000000
vn 0.000000 -1.000000 0.000000
vn 0.000000 -1.000000 0.000000
vn 0.000000 -1.000000 0.000000
vn 0.000000 -1.000000 0.000000
vn 0.000000 -1.000000 0.000000
vn 0.000000 -1.000000 0.000000
vn 0.000000 -1.000000 0.000000
vn 0.000000 -1.000000 0.000000
vn -1.000000 0.000000 0.000000
vn -1.000000 0.000000 0.000000
vn -1.000000 0.000000 0.000000
vn -1.000000 0.000000 0.000000
vn -0.060019 0.953130 0.296547
vn -0.060019 0.953130 0.296547
vn -0.060019 0.953130 0.296547
vn -0.060019 0.953130 0.296547
vn -0.000854 0.801324 0.598230
vn -0.000854 0.801324 0.598230
vn -0.000854 0.801324 0.598230
vn -0.000854 0.801324 0.598230
vn -0.000172 0.796679 0.604403
vn -0.000172 0.796679 0.604403
vn -0.000172 0.796679 0.604403
vn -0.000172 0.796679 0.604403
vn -0.000056 0.794581 0.607158
vn -0.000056 0.794581 0.607158
vn -0.000056 0.794581 0.607158
vn -0.000056 0.794581 0.607158
vn -0.000015 0.793827 0.608144
vn -0.000015 0.793827 0.608144
vn -0.000015 0.793827 0.608144
vn -0.000015 0.793827 0.608144
vn 0.000015 0.793825 0.608146
vn 0.000015 0.793825 0.608146
vn 0.000015 0.793825 0.608146
vn 0.000015 0.793825 0.608146
vn 0.000057 0.794586 0.607152
vn 0.000057 0.794585 0.607152
vn 0.000057 0.794586 0.607152
vn 0.000057 0.794586 0.607152
vn 0.000057 1.000000 0.000000
vn 0.000057 1.000000 0.000000
vn 0.000057 1.000000 0.000000
vn 0.000057 1.000000 0.000000
vn 1.000000 0.000000 0.000000
vn 1.000000 0.000000 0.000000
vn 1.000000 0.000000 0.000000
vn 1.000000 0.000000 0.000000
vn 0.000000 -1.000000 0.000000
vn 0.000000 -1.000000 0.000000
vn 0.000000 -1.000000 0.000000
vn 0.000000 -1.000000 0.000000
vn 0.000000 -1.000000 0.000000
vn 0.000000 -1.000000 0.000000
vn 0.000000 -1.000000 0.000000
vn 0.000000 -1.000000 0.000000
vn -1.000000 0.000000 0.000000
vn -1.000000 0.000000 0.000000
vn -1.000000 0.000000 0.000000
vn -1.000000 0.000000 0.000000
vn -0.000057 1.000000 0.000000
vn -0.000057 1.000000 0.000000
vn -0.000057 1.000000 0.000000
vn -0.000057 1.000000 0.000000
vn -0.000020 1.000000 0.000000
vn -0.000020 1.000000 0.000000
vn -0.000020 1.000000 0.000000
vn -0.000020 1.000000 0.000000
vn -0.000009 1.000000 0.000000
vn -0.000009 1.000000 0.000000
vn -0.000009 1.000000 0.000000
vn -0.000009 1.000000 0.000000
vn -0.000006 1.000000 0.000000
vn -0.000006 1.000000 0.000000
vn -0.000006 1.000000 0.000000
vn -0.000006 1.000000 0.000000
vn -0.000002 1.000000 0.000000
vn -0.000002 1.000000 0.000000
vn -0.000002 1.000000 0.000000
vn -0.000002 1.000000 0.000000
vn 0.000002 1.000000 0.000000
vn 0.000002 1.000000 0.000000
vn 0.000002 1.000000 0.000000
vn 0.000002 1.000000 0.000000
vn 0.000006 1.000000 0.000000
vn 0.000006 1.000000 0.000000
vn 0.000006 1.000000 0.000000
vn 0.000006 1.000000 0.000000
vn 0.000009 1.000000 0.000000
vn 0.000009 1.000000 0.000000
vn 0.000009 1.000000 0.000000
vn 0.000009 1.000000 0.000000
vn 0.000020 1.000000 0.000000
vn 0.000020 1.000000 0.000000
vn 0.000020 1.000000 0.000000
vn 0.000020 1.000000 0.000000
vn 0.000057 1.000000 0.000000
vn 0.000057 1.000000 0.000000
vn 0.000057 1.000000 0.000000
vn 0.000057 1.000000 0.000000
vn 1.000000 0.000000 0.000000
vn 1.000000 0.000000 0.000000
vn 1.000000 0.000000 0.000000
vn 1.000000 0.000000 0.000000
vn 0.000000 -1.000000 0.000000
vn 0.000000 -1.000000 0.000000
vn 0.000000 -1.000000 0.000000
vn 0.000000 -1.000000 0.000000
vn 0.000000 -1.000000 0.000000
vn 0.000000 -1.000000 0.000000
vn 0.000000 -1.000000 0.000000
vn 0.000000 -1.000000 0.000000
vn -1.000000 0.000000 0.000000
vn -1.000000 0.000000 0.000000
vn -1.000000 0.000000 0.000000
vn -1.000000 0.000000 0.000000
vn -0.000057 1.000000 0.000000
vn -0.000057 1.000000 0.000000
vn -0.000057 1.000000 0.000000
vn -0.000057 1.000000 0.000000
vn -0.000020 1.000000 0.000000
vn -0.000020 1.000000 0.000000
vn -0.000020 1.000000 0.000000
vn -0.000020 1.000000 0.000000
vn -0.000009 1.000000 0.000000
vn -0.000009 1.000000 0.000000
vn -0.000009 1.000000 0.000000
vn -0.000009 1.000000 0.000000
vn -0.000006 1.000000 0.000000
vn -0.000006 1.000000 0.000000
vn -0.000006 1.000000 0.000000
vn -0.000006 1.000000 0.000000
vn -0.000002 1.000000 0.000000
vn -0.000002 1.000000 0.000000
vn -0.000002 1.000000 0.000000
vn -0.000002 1.000000 0.000000
vn 0.000002 1.000000 0.000000
vn 0.000002 1.000000 0.000000
vn 0.000002 1.000000 0.000000
vn 0.000002 1.000000 0.000000
vn 0.000006 1.000000 0.000000
vn 0.000006 1.000000 0.000000
vn 0.000006 1.000000 0.000000
vn 0.000006 1.000000 0.000000
vn 0.000009 1.000000 0.000000
vn 0.000009 1.000000 0.000000
vn 0.000009 1.000000 0.000000
vn 0.000009 1.000000 0.000000
vn 0.000020 1.000000 0.000000
vn 0.000020 1.000000 0.000000
vn 0.000020 1.000000 0.000000
vn 0.000020 1.000000 0.000000
vn 0.056434 0.063193 -0.996404
vn 0.056434 0.063193 -0.996404
vn 0.056434 0.063193 -0.996404
vn 0.056434 0.063193 -0.996404
vn 0.394864 0.139507 -0.908086
vn 0.394864 0.139507 -0.908086
vn 0.394864 0.139507 -0.908086
vn 0.394864 0.139507 -0.908086
vn 1.000000 0.000000 0.000000
vn 1.000000 0.000000 0.000000
vn 1.000000 0.000000 0.000000
vn 1.000000 0.000000 0.000000
vn 0.000000 -1.000000 0.000000
vn 0.000000 -1.000000 0.000000
vn 0.000000 -1.000000 0.000000
vn 0.000000 -1.000000 0.000000
vn 0.000000 -1.000000 0.000000
vn 0.000000 -1.000000 0.000000
vn 0.000000 -1.000000 0.000000
vn 0.000000 -1.000000 0.000000
vn -1.000000 0.000000 0.000000
vn -1.000000 0.000000 0.000000
vn -1.000000 0.000000 0.000000
vn -1.000000 0.000000 0.000000
vn -0.394858 0.139408 -0.908104
vn -0.394858 0.139408 -0.908104
vn -0.394858 0.139408 -0.908104
vn -0.394858 0.139408 -0.908104
vn -0.056500 0.063211 -0.996400
vn -0.056500 0.063211 -0.996400
vn -0.056500 0.063211 -0.996400
vn -0.056500 0.063211 -0.996400
vn -0.018666 0.040733 -0.998996
vn -0.018666 0.040733 -0.998996
vn -0.018666 0.040733 -0.998996
vn -0.018666 0.040733 -0.998996
vn -0.007573 0.032344 -0.999448
vn -0.007573 0.032344 -0.999448
vn -0.007573 0.032344 -0.999448
vn -0.007573 0.032344 -0.999448
vn -0.002135 0.029176 -0.999572
vn -0.002135 0.029176 -0.999572
vn -0.002135 0.029176 -0.999572
vn -0.002135 0.029176 -0.999572
vn 0.002135 0.029176 -0.999572
vn 0.002135 0.029176 -0.999572
vn 0.002135 0.029176 -0.999572
vn 0.002135 0.029176 -0.999572
vn 0.007573 0.032344 -0.999448
vn 0.007573 0.032344 -0.999448
vn 0.007573 0.032344 -0.999448
vn 0.007573 0.032344 -0.999448
vn 0.018666 0.040733 -0.998996
vn 0.018666 0.040733 -0.998996
vn 0.018666 0.040733 -0.998996
vn 0.018666 0.040733 -0.998996
vn 0.056501 0.063213 0.996399
vn 0.056501 0.063213 0.996399
vn 0.056501 0.063213 0.996399
vn 0.056501 0.063213 0.996399
vn 0.394883 0.139413 0.908092
vn 0.394883 0.139413 0.908092
vn 0.394883 0.139413 0.908092
vn 0.394883 0.139413 0.908092
vn 1.000000 0.000000 0.000000
vn 1.000000 0.000000 0.000000
vn 1.000000 0.000000 0.000000
vn 1.000000 0.000000 0.000000
vn 0.000000 -1.000000 0.000000
vn 0.000000 -1.000000 0.000000
vn 0.000000 -1.000000 0.000000
vn 0.000000 -1.000000 0.000000
vn 0.000000 -1.000000 0.000000
vn 0.000000 -1.000000 0.000000
vn 0.000000 -1.000000 0.000000
vn 0.000000 -1.000000 0.000000
vn -1.000000 -0.000000 0.000000
vn -1.000000 -0.000000 0.000000
vn -1.000000 -0.000000 0.000000
vn -1.000000 -0.000000 0.000000
vn -0.394881 0.139512 0.908078
vn -0.394881 0.139512 0.908078
vn -0.394881 0.139512 0.908078
vn -0.394881 0.139512 0.908078
vn -0.056434 0.063195 0.996404
vn -0.056434 0.063195 0.996404
vn -0.056434 0.063195 0.996404
vn -0.056434 0.063195 0.996404
vn -0.018666 0.040734 0.998996
vn -0.018666 0.040734 0.998996
vn -0.018666 0.040734 0.998996
vn -0.018666 0.040734 0.998996
vn -0.007573 0.032345 0.999448
vn -0.007573 0.032345 0.999448
vn -0.007573 0.032345 0.999448
vn -0.007573 0.032345 0.999448
vn -0.002135 0.029178 0.999572
vn -0.002135 0.029178 0.999572
vn -0.002135 0.029178 0.999572
vn -0.002135 0.029178 0.999572
vn 0.002135 0.029178 0.999572
vn 0.002135 0.029178 0.999572
vn 0.002135 0.029178 0.999572
vn 0.002135 0.029178 0.999572
vn 0.007573 0.032345 0.999448
vn 0.007573 0.032345 0.999448
vn 0.007573 0.032345 0.999448
vn 0.007573 0.032345 0.999448
vn 0.018666 0.040734 0.998996
vn 0.018666 0.040734 0.998996
vn 0.018666 0.040734 0.998996
vn 0.018666 0.040734 0.998996
vn 0.056435 0.063197 -0.996404
vn 0.056435 0.063197 -0.996404
vn 0.056435 0.063197 -0.996404
vn 0.056435 0.063197 -0.996404
vn 0.394889 0.139514 -0.908074
vn 0.394889 0.139514 -0.908074
vn 0.394889 0.139514 -0.908074
vn 0.394889 0.139514 -0.908074
vn 1.000000 0.000000 0.000000
vn 1.000000 0.000000 0.000000
vn 1.000000 0.000000 0.000000
vn 1.000000 0.000000 0.000000
vn 0.000000 -1.000000 0.000000
vn 0.000000 -1.000000 0.000000
vn 0.000000 -1.000000 0.000000
vn 0.000000 -1.000000 0.000000
vn 0.000000 -1.000000 0.000000
vn 0.000000 -1.000000 0.000000
vn 0.000000 -1.000000 0.000000
vn 0.000000 -1.000000 0.000000
vn -1.000000 0.000000 0.000000
vn -1.000000 0.000000 0.000000
vn -1.000000 0.000000 0.000000
vn -1.000000 0.000000 0.000000
vn -0.394884 0.139415 -0.908092
vn -0.394884 0.139415 -0.908092
vn -0.394884 0.139415 -0.908092
vn -0.394884 0.139415 -0.908092
vn -0.056501 0.063214 -0.996399
vn -0.056501 0.063214 -0.996399
vn -0.056501 0.063214 -0.996399
vn -0.056501 0.063214 -0.996399
vn -0.018666 0.040735 -0.998996
vn -0.018666 0.040735 -0.998996
vn -0.018666 0.040735 -0.998996
vn -0.018666 0.040735 -0.998996
vn -0.007573 0.032345 -0.999448
vn -0.007573 0.032345 -0.999448
vn -0.007573 0.032345 -0.999448
vn -0.007573 0.032345 -0.999448
vn -0.002136 0.029178 -0.999572
vn -0.002136 0.029178 -0.999572
vn -0.002136 0.029178 -0.999572
vn -0.002136 0.029178 -0.999572
vn 0.002135 0.029178 -0.999572
vn 0.002135 0.029178 -0.999572
vn 0.002135 0.029178 -0.999572
vn 0.002135 0.029178 -0.999572
vn 0.007574 0.032345 -0.999448
vn 0.007574 0.032345 -0.999448
vn 0.007574 0.032345 -0.999448
vn 0.007574 0.032345 -0.999448
vn 0.018666 0.040735 -0.998996
vn 0.018666 0.040735 -0.998996
vn 0.018666 0.040735 -0.998996
vn 0.018666 0.040735 -0.998996
vn 0.056501 0.063212 0.996399
vn 0.056501 0.063212 0.996399
vn 0.056501 0.063212 0.996399
vn 0.056501 0.063212 0.996399
vn 0.394871 0.139410 0.908098
vn 0.394871 0.139410 0.908098
vn 0.394871 0.139410 0.908098
vn 0.394871 0.139410 0.908098
vn 1.000000 -0.000000 0.000000
vn 1.000000 -0.000000 0.000000
vn 1.000000 -0.000000 0.000000
vn 1.000000 -0.000000 0.000000
vn 0.000000 -1.000000 0.000000
vn 0.000000 -1.000000 0.000000
vn 0.000000 -1.000000 0.000000
vn 0.000000 -1.000000 0.000000
vn 0.000000 -1.000000 0.000000
vn 0.000000 -1.000000 0.000000
vn 0.000000 -1.000000 0.000000
vn 0.000000 -1.000000 0.000000
vn -1.000000 -0.000000 0.000000
vn -1.000000 -0.000000 0.000000
vn -1.000000 -0.000000 0.000000
vn -1.000000 -0.000000 0.000000
vn -0.394869 0.139510 0.908084
vn -0.394869 0.139510 0.908083
vn -0.394869 0.139510 0.908084
vn -0.394869 0.139510 0.908083
vn -0.056435 0.063195 0.996404
vn -0.056435 0.063195 0.996404
vn -0.056435 0.063195 0.996404
vn -0.056435 0.063195 0.996404
vn -0.018666 0.040734 0.998996
vn -0.018666 0.040734 0.998996
vn -0.018666 0.040734 0.998996
vn -0.018666 0.040734 0.998996
vn -0.007573 0.032345 0.999448
vn -0.007573 0.032345 0.999448
vn -0.007573 0.032345 0.999448
vn -0.007573 0.032345 0.999448
vn -0.002135 0.029177 0.999572
vn -0.002135 0.029177 0.999572
vn -0.002135 0.029177 0.999572
vn -0.002135 0.029177 0.999572
vn 0.002135 0.029177 0.999572
vn 0.002135 0.029177 0.999572
vn 0.002135 0.029177 0.999572
vn 0.002135 0.029177 0.999572
vn 0.007573 0.032345 0.999448
vn 0.007573 0.032345 0.999448
vn 0.007573 0.032345 0.999448
vn 0.007573 0.032345 0.999448
vn 0.018666 0.040734 0.998996
vn 0.018666 0.040734 0.998996
vn 0.018666 0.040734 0.998996
vn 0.018666 0.040734 0.998996
vn -0.000000 0.000000 1.000000
vn -0.000000 0.000000 1.000000
vn -0.000000 0.000000 1.000000
vn -0.000000 0.000000 1.000000
vn 0.000000 0.000000 1.000000
vn 0.000000 0.000000 1.000000
vn 0.000000 0.000000 1.000000
vn 0.000000 0.000000 1.000000
vn -0.000000 0.000000 1.000000
vn -0.000000 0.000000 1.000000
vn 0.000000 0.000000 1.000000
vn 0.000000 0.000000 1.000000
vn 0.000000 0.000000 1.000000
vn 0.000000 0.000000 1.000000
vn -0.000000 0.000000 1.000000
vn -0.000000 0.000000 1.000000
vn -0.000000 0.000000 1.000000
vn -0.000000 0.000000 1.000000
vn -0.000000 0.000000 1.000000
vn -0.000000 0.000000 1.000000
vn -0.000000 0.000000 1.000000
vn -0.000000 0.000000 1.000000
vn 0.951057 0.309017 -0.000000
vn 0.987688 0.156434 -0.000000
vn 0.987688 0.156434 -0.000001
vn 0.951057 0.309017 -0.000001
vn 0.809017 0.587786 -0.000000
vn 0.839513 0.543340 -0.000001
vn 0.587785 0.809017 -0.000000
vn 0.587785 0.809017 -0.000000
vn 0.309017 0.951057 -0.000000
vn 0.309017 0.951057 -0.000000
vn -0.000000 1.000000 0.000000
vn -0.000000 1.000000 0.000000
vn -0.309017 0.951057 -0.000000
vn -0.309017 0.951057 -0.000000
vn -0.587785 0.809017 -0.000000
vn -0.587785 0.809017 -0.000000
vn -0.809017 0.587785 -0.000000
vn -0.827694 0.561179 -0.000000
vn -0.951057 0.309017 -0.000000
vn -0.951057 0.309017 0.000000
vn -0.987688 0.156435 -0.000000
vn -0.987688 0.156435 0.000000
vn -0.000000 -0.000000 -1.000000
vn -0.000000 -0.000000 -1.000000
vn -0.000000 -0.000000 -1.000000
vn -0.000000 -0.000000 -1.000000
vn -0.000000 -0.000000 -1.000000
vn -0.000000 -0.000000 -1.000000
vn -0.000000 -0.000000 -1.000000
vn -0.000000 -0.000000 -1.000000
vn 0.000000 -0.000000 -1.000000
vn 0.000000 -0.000000 -1.000000
vn 0.000000 -0.000000 -1.000000
vn 0.000000 -0.000000 -1.000000
vn 0.000000 -0.000000 -1.000000
vn 0.000000 -0.000000 -1.000000
vn -0.951056 -0.309017 0.000000
vn -0.987688 -0.156436 0.000000
vn -0.987688 -0.156436 0.000000
vn -0.951056 -0.309017 0.000001
vn -0.839513 -0.543339 0.000001
vn -0.809017 -0.587785 0.000001
vn -0.587785 -0.809017 0.000001
vn -0.587785 -0.809017 0.000001
vn -0.309017 -0.951057 0.000000
vn -0.309017 -0.951057 0.000000
vn 0.000000 -1.000000 0.000000
vn 0.000000 -1.000000 0.000000
vn 0.309017 -0.951056 0.000000
vn 0.309017 -0.951056 0.000000
vn 0.587785 -0.809017 0.000000
vn 0.587785 -0.809017 0.000000
vn 0.839513 -0.543339 0.000000
vn 0.809017 -0.587785 0.000000
vn 0.951057 -0.309017 0.000000
vn 0.951057 -0.309017 0.000000
vn 0.987688 -0.156436 -0.000000
vn 0.987688 -0.156436 0.000000
vn 0.000000 -1.000000 -0.000000
vn 0.000000 -1.000000 -0.000000
vn 0.000000 -1.000000 -0.000000
vn 0.000000 -1.000000 -0.000000
vn -0.000000 -1.000000 -0.000000
vn -0.000000 -1.000000 -0.000000
vn -0.000000 -1.000000 -0.000000
vn -0.000000 -1.000000 -0.000000
vn -0.587785 0.809017 -0.000000
vn -0.587785 0.809017 -0.000000
vn -0.587785 0.809017 -0.000000
vn -0.587785 0.809017 -0.000000
vn -0.000000 -1.000000 0.000000
vn -0.000000 -1.000000 0.000000
vn -0.000000 0.000000 -1.000000
vn 0.000000 0.000000 -1.000000
vn 0.000000 0.000000 -1.000000
vn -0.000000 0.000000 -1.000000
vn -0.000000 0.000000 -1.000000
vn -0.000000 0.000000 -1.000000
vn 0.000000 0.000000 -1.000000
vn 0.000000 0.000000 -1.000000
vn 0.000000 0.000000 -1.000000
vn 0.000000 0.000000 -1.000000
vn 0.000000 0.000000 -1.000000
vn 0.000000 0.000000 -1.000000
vn 0.000000 0.000000 -1.000000
vn 0.000000 0.000000 -1.000000
vn -0.000000 0.000000 -1.000000
vn -0.000000 0.000000 -1.000000
vn 0.000000 0.000000 -1.000000
vn -0.000000 0.000000 -1.000000
vn 0.000000 0.000000 -1.000000
vn 0.000000 0.000000 -1.000000
vn 0.000000 0.000000 -1.000000
vn 0.000000 0.000000 -1.000000
vn -0.951057 0.309017 0.000000
vn -0.987688 0.156434 0.000000
vn -0.987688 0.156434 0.000001
vn -0.951057 0.309017 0.000001
vn -0.809017 0.587786 0.000000
vn -0.827694 0.561180 0.000000
vn -0.587785 0.809017 0.000000
vn -0.587785 0.809017 0.000000
vn -0.309017 0.951057 0.000000
vn -0.309017 0.951057 0.000000
vn 0.000000 1.000000 -0.000000
vn 0.000000 1.000000 -0.000000
vn 0.309017 0.951057 0.000000
vn 0.309017 0.951057 0.000000
vn 0.587785 0.809017 0.000000
vn 0.587785 0.809017 0.000000
vn 0.809017 0.587785 0.000000
vn 0.839513 0.543340 0.000000
vn 0.951057 0.309017 0.000000
vn 0.951057 0.309017 -0.000000
vn 0.987688 0.156435 0.000000
vn 0.987688 0.156434 -0.000000
vn 0.000000 -0.000000 1.000000
vn 0.000000 -0.000000 1.000000
vn 0.000000 -0.000000 1.000000
vn 0.000000 -0.000000 1.000000
vn 0.000000 -0.000000 1.000000
vn 0.000000 -0.000000 1.000000
vn 0.000000 -0.000000 1.000000
vn 0.000000 -0.000000 1.000000
vn -0.000000 -0.000000 1.000000
vn -0.000000 -0.000000 1.000000
vn -0.000000 -0.000000 1.000000
vn -0.000000 -0.000000 1.000000
vn -0.000000 -0.000000 1.000000
vn -0.000000 -0.000000 1.000000
vn 0.951056 -0.309017 -0.000000
vn 0.987688 -0.156436 -0.000000
vn 0.987688 -0.156436 -0.000000
vn 0.951056 -0.309017 -0.000001
vn 0.839513 -0.543339 -0.000001
vn 0.809017 -0.587785 -0.000001
vn 0.587785 -0.809017 -0.000001
vn 0.587785 -0.809017 -0.000001
vn 0.309017 -0.951057 -0.000000
vn 0.309017 -0.951057 -0.000000
vn -0.000000 -1.000000 -0.000000
vn 0.000000 -1.000000 -0.000000
vn -0.309017 -0.951056 -0.000000
vn -0.309017 -0.951056 -0.000000
vn -0.587785 -0.809017 -0.000000
vn -0.587785 -0.809017 -0.000000
vn -0.839513 -0.543339 -0.000000
vn -0.809017 -0.587785 -0.000000
vn -0.951057 -0.309017 -0.000000
vn -0.951057 -0.309017 -0.000000
vn -0.987688 -0.156436 0.000000
vn -0.987688 -0.156436 -0.000000
vn -0.000000 -1.000000 0.000000
vn -0.000000 -1.000000 0.000000
vn -0.000000 -1.000000 0.000000
vn -0.000000 -1.000000 0.000000
vn 0.000000 -1.000000 0.000000
vn 0.000000 -1.000000 -0.000000
vn 0.000000 -1.000000 -0.000000
vn 0.000000 -1.000000 0.000000
vn -0.987688 0.156434 0.000001
vn -0.987688 0.156434 0.000001
vn -0.891006 0.453991 0.000001
vn -0.891006 0.453991 0.000001
vn 0.587785 0.809017 0.000000
vn 0.587785 0.809017 0.000000
vn 0.587785 0.809017 0.000000
vn 0.587785 0.809017 0.000000
vn 0.891007 -0.453990 0.000000
vn 0.951057 -0.309017 -0.000000
vn 0.951057 -0.309017 -0.000000
vn 0.987688 -0.156436 -0.000001
vn -0.951057 -0.309017 0.000000
vn -0.951057 -0.309017 0.000000
vn 0.587785 0.809017 0.000001
vn 0.587785 0.809017 0.000001
vn 0.951057 0.000000 -0.309016
vn 0.809017 0.000000 -0.587785
vn 0.808992 -0.007798 -0.587768
vn 0.951028 -0.007798 -0.309006
vn 0.587784 0.000000 -0.809018
vn 0.587767 -0.007798 -0.808993
vn 0.309017 0.000000 -0.951056
vn 0.309008 -0.007798 -0.951028
vn 0.000000 0.000000 -1.000000
vn -0.000000 -0.007798 -0.999970
vn -0.309017 0.000000 -0.951056
vn -0.309008 -0.007798 -0.951028
vn -0.587785 0.000000 -0.809017
vn -0.587767 -0.007798 -0.808993
vn -0.809017 0.000000 -0.587785
vn -0.808992 -0.007798 -0.587767
vn -0.951057 0.000000 -0.309016
vn -0.951028 -0.007798 -0.309007
vn -1.000000 0.000000 0.000000
vn -0.999970 -0.007798 0.000000
vn -0.951057 0.000000 0.309017
vn -0.951028 -0.007798 0.309008
vn -0.809017 0.000000 0.587786
vn -0.808992 -0.007798 0.587768
vn -0.587785 0.000000 0.809017
vn -0.587767 -0.007798 0.808993
vn -0.309017 0.000000 0.951056
vn -0.309008 -0.007798 0.951028
vn 0.000000 0.000000 1.000000
vn -0.000000 -0.007798 0.999970
vn 0.309017 0.000000 0.951057
vn 0.309008 -0.007798 0.951028
vn 0.587785 0.000000 0.809017
vn 0.587767 -0.007798 0.808992
vn 0.809017 0.000000 0.587785
vn 0.808992 -0.007798 0.587768
vn 0.951057 0.000000 0.309017
vn 0.951028 -0.007798 0.309008
vn 1.000000 0.000000 0.000001
vn 0.999970 -0.007798 0.000001
vn 0.000000 -1.000000 0.000000
vn 0.000000 -1.000000 0.000000
vn 0.000000 -1.000000 0.000000
vn 0.000000 -1.000000 -0.000000
vn 0.000000 -1.000000 -0.000000
vn 0.000000 -1.000000 0.000000
vn 0.000000 -1.000000 0.000000
vn 0.000000 -1.000000 0.000000
vn 0.000000 -1.000000 0.000001
vn 0.000000 -1.000000 0.000000
vn 0.000000 -1.000000 0.000000
vn 0.000000 -1.000000 0.000001
vn 0.000000 -1.000000 -0.000000
vn 0.000000 -1.000000 -0.000000
vn 0.000000 -1.000000 0.000000
vn 0.000000 -1.000000 0.000000
vn 0.000000 -1.000000 0.000000
vn 0.000000 -1.000000 0.000000
vn 0.000000 -1.000000 0.000000
vn 0.000000 -1.000000 0.000000
vn 0.000000 -1.000000 0.000000
vn 0.666062 -0.567609 -0.483922
vn 0.783004 -0.567609 -0.254409
vn 0.483921 -0.567608 -0.666064
vn 0.254413 -0.567607 -0.783005
vn -0.000002 -0.567608 -0.823299
vn -0.254413 -0.567607 -0.783005
vn -0.483916 -0.567611 -0.666066
vn -0.666059 -0.567613 -0.483923
vn -0.783003 -0.567610 -0.254412
vn -0.823299 -0.567609 0.000003
vn -0.783003 -0.567608 0.254415
vn -0.666062 -0.567608 0.483925
vn -0.483923 -0.567609 0.666062
vn -0.254414 -0.567610 0.783002
vn -0.000003 -0.567613 0.823295
vn 0.254412 -0.567619 0.782997
vn 0.483923 -0.567614 0.666057
vn 0.666063 -0.567609 0.483922
vn 0.783004 -0.567608 0.254413
vn 0.823299 -0.567608 0.000003
vn 0.891007 0.000000 -0.453989
vn 0.891007 0.000000 -0.453989
vn 0.891007 0.000000 -0.453989
vn 0.891007 0.000000 -0.453989
vn 0.707105 0.000000 -0.707108
vn 0.707105 0.000000 -0.707108
vn 0.707105 0.000000 -0.707108
vn 0.707105 0.000000 -0.707108
vn 0.453989 0.000000 -0.891007
vn 0.453989 0.000000 -0.891007
vn 0.453989 0.000000 -0.891007
vn 0.453989 0.000000 -0.891007
vn 0.156437 0.000000 -0.987688
vn 0.156437 0.000000 -0.987688
vn 0.156437 0.000000 -0.987688
vn 0.156437 0.000000 -0.987688
vn -0.156446 0.000000 -0.987687
vn -0.156446 0.000000 -0.987687
vn -0.156446 0.000000 -0.987687
vn -0.156446 0.000000 -0.987687
vn -0.453975 0.000000 -0.891014
vn -0.453975 0.000000 -0.891014
vn -0.453975 0.000000 -0.891014
vn -0.453975 0.000000 -0.891014
vn -0.707101 0.000000 -0.707113
vn -0.707101 0.000000 -0.707113
vn -0.707101 0.000000 -0.707113
vn -0.707101 0.000000 -0.707113
vn -0.891011 0.000000 -0.453982
vn -0.891011 0.000000 -0.453982
vn -0.891011 0.000000 -0.453982
vn -0.891011 0.000000 -0.453982
vn -0.987688 0.000000 -0.156434
vn -0.987688 0.000000 -0.156434
vn -0.987688 0.000000 -0.156434
vn -0.987688 0.000000 -0.156434
vn -0.987688 0.000000 0.156434
vn -0.987688 0.000000 0.156434
vn -0.987688 0.000000 0.156434
vn -0.987688 0.000000 0.156434
vn -0.891007 0.000000 0.453990
vn -0.891007 0.000000 0.453990
vn -0.891007 0.000000 0.453990
vn -0.891007 0.000000 0.453990
vn -0.707106 0.000000 0.707107
vn -0.707106 0.000000 0.707107
vn -0.707106 0.000000 0.707107
vn -0.707106 0.000000 0.707107
vn -0.453989 0.000000 0.891007
vn -0.453989 0.000000 0.891007
vn -0.453989 0.000000 0.891007
vn -0.453989 0.000000 0.891007
vn -0.156438 0.000000 0.987688
vn -0.156438 0.000000 0.987688
vn -0.156438 0.000000 0.987688
vn -0.156438 0.000000 0.987688
vn 0.156423 0.000000 0.987690
vn 0.156423 0.000000 0.987690
vn 0.156423 0.000000 0.987690
vn 0.156423 0.000000 0.987690
vn 0.453994 0.000000 0.891005
vn 0.453994 0.000000 0.891005
vn 0.453994 0.000000 0.891005
vn 0.453994 0.000000 0.891005
vn 0.707112 0.000000 0.707102
vn 0.707112 0.000000 0.707102
vn 0.707112 0.000000 0.707102
vn 0.707112 0.000000 0.707102
vn 0.891007 0.000000 0.453990
vn 0.891007 0.000000 0.453990
vn 0.891007 0.000000 0.453990
vn 0.891007 0.000000 0.453990
vn 0.987688 0.000000 0.156434
vn 0.987688 0.000000 0.156434
vn 0.987688 0.000000 0.156434
vn 0.987688 0.000000 0.156434
vn 0.987689 0.000000 -0.156433
vn 0.987689 0.000000 -0.156433
vn 0.987689 0.000000 -0.156433
vn 0.987689 0.000000 -0.156433
vn 0.668313 0.711478 -0.217156
vn 0.668313 0.711478 -0.217156
vn 0.702708 0.711478 0.000002
vn 0.702708 0.711478 0.000002
vn 0.568497 0.711479 -0.413049
vn 0.568497 0.711479 -0.413049
vn 0.413030 0.711477 -0.568513
vn 0.413030 0.711477 -0.568513
vn 0.217164 0.711478 -0.668310
vn 0.217164 0.711478 -0.668310
vn 0.000011 0.711479 -0.702707
vn 0.000011 0.711479 -0.702707
vn -0.217146 0.711475 -0.668320
vn -0.217146 0.711475 -0.668320
vn -0.413033 0.711477 -0.568510
vn -0.413033 0.711477 -0.568511
vn -0.568504 0.711479 -0.413038
vn -0.568504 0.711479 -0.413038
vn -0.668317 0.711478 -0.217145
vn -0.668317 0.711478 -0.217145
vn -0.702708 0.711479 -0.000002
vn -0.702708 0.711479 -0.000002
vn -0.668312 0.711478 0.217159
vn -0.668312 0.711478 0.217158
vn -0.568515 0.711477 0.413027
vn -0.568515 0.711477 0.413027
vn -0.413061 0.711480 0.568487
vn -0.413061 0.711480 0.568487
vn -0.217144 0.711477 0.668319
vn -0.217144 0.711477 0.668319
vn -0.000002 0.711477 0.702710
vn -0.000002 0.711477 0.702710
vn 0.217157 0.711478 0.668313
vn 0.217157 0.711478 0.668313
vn 0.413031 0.711474 0.568516
vn 0.413031 0.711474 0.568516
vn 0.568496 0.711480 0.413048
vn 0.568496 0.711480 0.413048
vn 0.668320 0.711478 0.217134
vn 0.668320 0.711478 0.217134
vn 0.000000 1.000000 0.000009
vn 0.000000 1.000000 0.000009
vn 0.000000 1.000000 0.000000
vn 0.000000 1.000000 0.000000
vn 0.000000 1.000000 0.000000
vn 0.000000 1.000000 0.000001
vn 0.000000 1.000000 0.000003
vn 0.000000 1.000000 0.000002
vn 0.000000 1.000000 0.000000
vn 0.000000 1.000000 -0.000009
vn 0.000000 1.000000 -0.000009
vn 0.000000 1.000000 0.000000
vn 0.000000 1.000000 0.000000
vn 0.000000 1.000000 0.000000
vn 0.000000 1.000000 0.000000
vn 0.000000 1.000000 0.000001
vn 0.000000 1.000000 -0.000001
vn 0.000000 1.000000 -0.000002
vn 0.000000 1.000000 0.000000
vn 0.000000 1.000000 0.000000
vn 0.000000 1.000000 0.000000
vn 0.668305 -0.711489 -0.217148
vn 0.668305 -0.711489 -0.217148
vn 0.702697 -0.711489 -0.000005
vn 0.702697 -0.711489 -0.000005
vn 0.568496 -0.711491 -0.413030
vn 0.568496 -0.711491 -0.413030
vn 0.413036 -0.711492 -0.568490
vn 0.413036 -0.711492 -0.568489
vn 0.217144 -0.711484 -0.668311
vn 0.217144 -0.711484 -0.668311
vn -0.000004 -0.711488 -0.702699
vn -0.000004 -0.711488 -0.702699
vn -0.217145 -0.711493 -0.668301
vn -0.217145 -0.711493 -0.668301
vn -0.413029 -0.711493 -0.568493
vn -0.413029 -0.711493 -0.568493
vn -0.568496 -0.711492 -0.413028
vn -0.568496 -0.711492 -0.413028
vn -0.668306 -0.711489 -0.217143
vn -0.668306 -0.711489 -0.217143
vn -0.702697 -0.711489 0.000000
vn -0.702697 -0.711489 0.000000
vn -0.668305 -0.711489 0.217146
vn -0.668305 -0.711489 0.217145
vn -0.568493 -0.711488 0.413038
vn -0.568493 -0.711488 0.413038
vn -0.413031 -0.711485 0.568502
vn -0.413031 -0.711485 0.568502
vn -0.217146 -0.711489 0.668305
vn -0.217146 -0.711489 0.668305
vn -0.000006 -0.711492 0.702694
vn -0.000006 -0.711492 0.702694
vn 0.217144 -0.711488 0.668306
vn 0.217144 -0.711488 0.668306
vn 0.413038 -0.711488 0.568493
vn 0.413038 -0.711488 0.568493
vn 0.568495 -0.711489 0.413032
vn 0.568495 -0.711489 0.413033
vn 0.668305 -0.711491 0.217138
vn 0.668305 -0.711491 0.217138
vn 0.000000 -1.000000 -0.000003
vn 0.000000 -1.000000 0.000000
vn 0.000000 -1.000000 0.000000
vn 0.000000 -1.000000 -0.000003
vn 0.000000 -1.000000 0.000000
vn 0.000000 -1.000000 0.000000
vn 0.000000 -1.000000 0.000001
vn 0.000000 -1.000000 0.000001
vn 0.000000 -1.000000 -0.000000
vn 0.000000 -1.000000 -0.000000
vn 0.000000 -1.000000 -0.000003
vn 0.000000 -1.000000 -0.000003
vn 0.000000 -1.000000 -0.000002
vn 0.000000 -1.000000 -0.000002
vn 0.000000 -1.000000 -0.000004
vn 0.000000 -1.000000 -0.000004
vn 0.000000 -1.000000 -0.000006
vn 0.000000 -1.000000 -0.000006
vn 0.000000 -1.000000 -0.000003
vn 0.000000 -1.000000 -0.000003
vn 0.000000 -1.000000 0.000000
vn 0.000000 -1.000000 0.000000
vn 0.000000 -1.000000 -0.000003
vn 0.000000 -1.000000 -0.000003
vn 0.000000 -1.000000 -0.000006
vn 0.000000 -1.000000 -0.000006
vn 0.000000 -1.000000 -0.000003
vn 0.000000 -1.000000 -0.000003
vn 0.000000 -1.000000 -0.000004
vn 0.000000 -1.000000 -0.000004
vn 0.000000 -1.000000 -0.000006
vn 0.000000 -1.000000 -0.000006
vn 0.000000 -1.000000 0.000000
vn 0.000000 -1.000000 -0.000000
vn 0.000000 -1.000000 0.000004
vn 0.000000 -1.000000 0.000004
vn 0.000000 -1.000000 0.000003
vn 0.000000 -1.000000 0.000003
vn 0.000000 -1.000000 -0.000003
vn 0.000000 -1.000000 -0.000003
vn 0.951055 -0.000000 -0.309022
vn 0.809013 0.000000 -0.587790
vn 0.809013 0.000000 -0.587790
vn 0.951055 -0.000000 -0.309022
vn 0.587777 0.000002 -0.809023
vn 0.587777 0.000002 -0.809023
vn 0.309027 0.000002 -0.951053
vn 0.309027 0.000002 -0.951053
vn 0.000006 0.000001 -1.000000
vn 0.000006 0.000001 -1.000000
vn -0.309014 0.000000 -0.951057
vn -0.309014 0.000000 -0.951057
vn -0.587775 0.000000 -0.809024
vn -0.587775 0.000000 -0.809024
vn -0.809018 0.000000 -0.587783
vn -0.809018 0.000000 -0.587783
vn -0.951058 0.000000 -0.309014
vn -0.951058 0.000000 -0.309014
vn -1.000000 0.000000 0.000000
vn -1.000000 0.000000 0.000000
vn -0.951054 0.000001 0.309024
vn -0.951055 0.000001 0.309023
vn -0.809024 0.000002 0.587775
vn -0.809025 0.000002 0.587774
vn -0.587799 0.000001 0.809007
vn -0.587799 0.000001 0.809007
vn -0.309015 0.000000 0.951057
vn -0.309015 0.000000 0.951057
vn -0.000005 0.000001 1.000000
vn -0.000005 0.000001 1.000000
vn 0.309022 0.000001 0.951055
vn 0.309022 0.000001 0.951055
vn 0.587781 0.000001 0.809020
vn 0.587781 0.000001 0.809020
vn 0.809015 -0.000000 0.587788
vn 0.809015 -0.000000 0.587788
vn 0.951060 -0.000000 0.309007
vn 0.951060 -0.000000 0.309007
vn 1.000000 0.000000 0.000001
vn 1.000000 0.000000 0.000000
s off
usemtl initialShadingGroup
f 2/2/1 1/1/2 23/23/3
f 3/3/4 2/2/5 23/23/6
f 4/4/7 3/3/8 23/23/9
f 5/5/10 4/4/11 23/23/12
f 6/6/13 5/5/14 23/23/15
f 7/7/16 6/6/17 23/23/18
f 8/8/19 7/7/20 23/23/21
f 9/9/22 8/8/23 23/23/24
f 10/10/25 9/9/26 23/23/27
f 1/1/28 11/27/29 23/23/30
f 12/21/31 13/20/32 24/24/33
f 13/20/34 14/19/35 24/24/36
f 14/19/37 15/18/38 24/24/39
f 15/18/40 16/17/41 24/24/42
f 16/17/43 17/16/44 24/24/45
f 17/16/46 18/15/47 24/24/48
f 18/15/49 19/14/50 24/24/51
f 19/14/52 20/13/53 24/24/54
f 20/13/55 21/12/56 24/24/57
f 22/22/58 12/21/59 24/24/60
f 10/23/61 23/25/62 29/10/63 25/26/64
f 23/11/65 11/27/66 27/23/67 29/118/68
f 24/24/69 21/28/70 26/12/71 30/140/72
f 22/22/73 24/29/74 30/24/75 28/30/76
f 32/34/77 31/31/78 74/61/79 78/164/80
f 33/36/81 32/33/82 78/63/83 80/165/84
f 34/37/85 33/35/86 80/65/87 82/166/88
f 35/39/89 34/37/90 82/166/91 84/167/92
f 36/41/93 35/38/94 84/67/95 86/168/96
f 37/42/97 36/40/98 86/69/99 88/169/100
f 38/43/101 37/42/102 88/169/103 90/170/104
f 39/44/105 38/43/106 90/170/107 92/171/108
f 40/45/109 39/44/110 92/171/111 94/172/112
f 41/46/113 40/45/114 94/172/115 96/173/116
f 42/47/117 41/46/118 96/173/119 98/174/120
f 43/48/121 42/47/122 98/174/123 100/175/124
f 44/49/125 43/48/126 100/175/127 76/176/128
f 31/32/129 44/49/130 76/176/131 74/177/132
f 45/50/133 46/121/134 50/51/135 49/280/136
f 46/52/137 45/276/138 47/304/139 48/134/140
f 48/134/141 47/304/142 71/302/143 72/133/144
f 49/53/145 50/122/146 52/54/147 51/282/148
f 51/55/149 52/123/150 54/124/151 53/284/152
f 53/284/153 54/124/154 56/56/155 55/286/156
f 55/57/157 56/125/158 58/58/159 57/288/160
f 57/59/161 58/126/162 60/127/163 59/290/164
f 59/290/165 60/127/166 62/128/167 61/292/168
f 61/292/169 62/128/170 64/129/171 63/294/172
f 63/294/173 64/129/174 66/130/175 65/296/176
f 65/296/177 66/130/178 68/131/179 67/298/180
f 67/298/181 68/131/182 70/132/183 69/300/184
f 69/300/185 70/132/186 72/133/187 71/302/188
f 73/60/189 74/177/190 76/176/191 75/306/192
f 74/61/193 73/307/194 77/62/195 78/164/196
f 75/306/197 76/176/198 100/175/199 99/331/200
f 78/63/201 77/309/202 79/64/203 80/165/204
f 80/65/205 79/311/206 81/313/207 82/166/208
f 82/166/209 81/313/210 83/66/211 84/167/212
f 84/67/213 83/315/214 85/68/215 86/168/216
f 86/69/217 85/317/218 87/319/219 88/169/220
f 88/169/221 87/319/222 89/321/223 90/170/224
f 90/170/225 89/321/226 91/323/227 92/171/228
f 92/171/229 91/323/230 93/325/231 94/172/232
f 94/172/233 93/325/234 95/327/235 96/173/236
f 96/173/237 95/327/238 97/329/239 98/174/240
f 98/174/241 97/329/242 99/331/243 100/175/244
f 101/70/245 102/135/246 106/71/247 105/337/248
f 102/72/249 101/333/250 103/361/251 104/162/252
f 104/162/253 103/361/254 127/359/255 128/160/256
f 105/73/257 106/138/258 108/74/259 107/339/260
f 107/75/261 108/141/262 110/143/263 109/341/264
f 109/341/265 110/143/266 112/76/267 111/343/268
f 111/77/269 112/145/270 114/78/271 113/345/272
f 113/79/273 114/146/274 116/148/275 115/347/276
f 115/347/277 116/148/278 118/150/279 117/349/280
f 117/349/281 118/150/282 120/152/283 119/351/284
f 119/351/285 120/152/286 122/154/287 121/353/288
f 121/353/289 122/154/290 124/156/291 123/355/292
f 123/355/293 124/156/294 126/158/295 125/357/296
f 125/357/297 126/158/298 128/160/299 127/359/300
f 129/80/301 130/92/302 132/94/303 131/363/304
f 130/81/305 129/364/306 133/82/307 134/111/308
f 131/363/309 132/94/310 156/96/311 155/388/312
f 134/83/313 133/366/314 135/84/315 136/116/316
f 136/85/317 135/368/318 137/370/319 138/119/320
f 138/119/321 137/370/322 139/86/323 140/117/324
f 140/87/325 139/372/326 141/88/327 142/112/328
f 142/89/329 141/374/330 143/376/331 144/108/332
f 144/108/333 143/376/334 145/378/335 146/106/336
f 146/106/337 145/378/338 147/380/339 148/104/340
f 148/104/341 147/380/342 149/382/343 150/102/344
f 150/102/345 149/382/346 151/384/347 152/100/348
f 152/100/349 151/384/350 153/386/351 154/98/352
f 154/98/353 153/386/354 155/388/355 156/96/356
f 1/90/357 2/91/358 132/94/359 130/92/360
f 2/91/361 3/93/362 156/96/363 132/94/364
f 3/93/365 4/95/366 154/98/367 156/96/368
f 4/95/369 5/97/370 152/100/371 154/98/372
f 5/97/373 6/99/374 150/102/375 152/100/376
f 6/99/377 7/101/378 148/104/379 150/102/380
f 7/101/381 8/103/382 146/106/383 148/104/384
f 8/103/385 9/105/386 144/108/387 146/106/388
f 9/105/389 10/107/390 142/89/391 144/108/392
f 11/109/393 1/110/394 130/81/395 134/111/396
f 140/87/397 142/112/398 10/113/399 25/114/400
f 11/115/401 134/83/402 136/116/403 27/120/404
f 138/119/405 140/117/406 25/26/407 29/118/408
f 136/85/409 138/119/410 29/118/411 27/120/412
f 32/34/413 50/51/414 46/121/415 31/31/416
f 33/36/417 52/54/418 50/122/419 32/33/420
f 34/37/421 54/124/422 52/123/423 33/35/424
f 35/39/425 56/56/426 54/124/427 34/37/428
f 36/41/429 58/58/430 56/125/431 35/38/432
f 37/42/433 60/127/434 58/126/435 36/40/436
f 38/43/437 62/128/438 60/127/439 37/42/440
f 39/44/441 64/129/442 62/128/443 38/43/444
f 40/45/445 66/130/446 64/129/447 39/44/448
f 41/46/449 68/131/450 66/130/451 40/45/452
f 42/47/453 70/132/454 68/131/455 41/46/456
f 43/48/457 72/133/458 70/132/459 42/47/460
f 44/49/461 48/134/462 72/133/463 43/48/464
f 31/32/465 46/52/466 48/134/467 44/49/468
f 106/71/469 102/135/470 12/136/471 22/137/472
f 108/74/473 106/138/474 22/137/475 28/139/476
f 30/140/477 110/143/478 108/141/479 28/30/480
f 26/142/481 112/76/482 110/143/483 30/140/484
f 21/144/485 114/78/486 112/145/487 26/142/488
f 116/148/489 114/146/490 21/144/491 20/147/492
f 118/150/493 116/148/494 20/147/495 19/149/496
f 120/152/497 118/150/498 19/149/499 18/151/500
f 122/154/501 120/152/502 18/151/503 17/153/504
f 124/156/505 122/154/506 17/153/507 16/155/508
f 126/158/509 124/156/510 16/155/511 15/157/512
f 128/160/513 126/158/514 15/157/515 14/159/516
f 104/162/517 128/160/518 14/159/519 13/161/520
f 102/72/521 104/162/522 13/161/523 12/163/524
f 157/178/525 158/279/526 162/179/527 161/249/528
f 158/180/529 157/275/530 159/273/531 160/278/532
f 160/278/533 159/273/534 183/271/535 184/303/536
f 161/181/537 162/281/538 164/182/539 163/251/540
f 163/183/541 164/283/542 166/285/543 165/252/544
f 165/252/545 166/285/546 168/184/547 167/254/548
f 167/185/549 168/287/550 170/186/551 169/256/552
f 169/187/553 170/289/554 172/291/555 171/259/556
f 171/259/557 172/291/558 174/293/559 173/261/560
f 173/261/561 174/293/562 176/295/563 175/263/564
f 175/263/565 176/295/566 178/297/567 177/265/568
f 177/265/569 178/297/570 180/299/571 179/267/572
f 179/267/573 180/299/574 182/301/575 181/269/576
f 181/269/577 182/301/578 184/303/579 183/271/580
f 185/188/581 186/189/582 188/332/583 187/246/584
f 186/190/585 185/220/586 189/191/587 190/308/588
f 187/246/589 188/332/590 212/330/591 211/244/592
f 190/192/593 189/222/594 191/193/595 192/310/596
f 192/194/597 191/225/598 193/227/599 194/312/600
f 194/312/601 193/227/602 195/195/603 196/314/604
f 196/196/605 195/229/606 197/197/607 198/316/608
f 198/198/609 197/230/610 199/232/611 200/318/612
f 200/318/613 199/232/614 201/234/615 202/320/616
f 202/320/617 201/234/618 203/236/619 204/322/620
f 204/322/621 203/236/622 205/238/623 206/324/624
f 206/324/625 205/238/626 207/240/627 208/326/628
f 208/326/629 207/240/630 209/242/631 210/328/632
f 210/328/633 209/242/634 211/244/635 212/330/636
f 213/199/637 214/336/638 218/200/639 217/221/640
f 214/201/641 213/247/642 215/245/643 216/335/644
f 216/335/645 215/245/646 239/243/647 240/360/648
f 217/202/649 218/338/650 220/203/651 219/223/652
f 219/204/653 220/340/654 222/342/655 221/224/656
f 221/224/657 222/342/658 224/205/659 223/226/660
f 223/206/661 224/344/662 226/207/663 225/228/664
f 225/208/665 226/346/666 228/348/667 227/231/668
f 227/231/669 228/348/670 230/350/671 229/233/672
f 229/233/673 230/350/674 232/352/675 231/235/676
f 231/235/677 232/352/678 234/354/679 233/237/680
f 233/237/681 234/354/682 236/356/683 235/239/684
f 235/239/685 236/356/686 238/358/687 237/241/688
f 237/241/689 238/358/690 240/360/691 239/243/692
f 241/209/693 242/210/694 244/389/695 243/274/696
f 242/211/697 241/248/698 245/212/699 246/365/700
f 243/274/701 244/389/702 268/387/703 267/272/704
f 246/213/705 245/250/706 247/214/707 248/367/708
f 248/215/709 247/253/710 249/255/711 250/369/712
f 250/369/713 249/255/714 251/216/715 252/371/716
f 252/217/717 251/257/718 253/218/719 254/373/720
f 254/219/721 253/258/722 255/260/723 256/375/724
f 256/375/725 255/260/726 257/262/727 258/377/728
f 258/377/729 257/262/730 259/264/731 260/379/732
f 260/379/733 259/264/734 261/266/735 262/381/736
f 262/381/737 261/266/738 263/268/739 264/383/740
f 264/383/741 263/268/742 265/270/743 266/385/744
f 266/385/745 265/270/746 267/272/747 268/387/748
f 189/191/749 185/220/750 213/199/751 217/221/752
f 191/193/753 189/222/754 217/202/755 219/223/756
f 219/204/757 221/224/758 193/227/759 191/225/760
f 221/224/761 223/226/762 195/195/763 193/227/764
f 223/206/765 225/228/766 197/197/767 195/229/768
f 199/232/769 197/230/770 225/208/771 227/231/772
f 201/234/773 199/232/774 227/231/775 229/233/776
f 203/236/777 201/234/778 229/233/779 231/235/780
f 205/238/781 203/236/782 231/235/783 233/237/784
f 207/240/785 205/238/786 233/237/787 235/239/788
f 209/242/789 207/240/790 235/239/791 237/241/792
f 211/244/793 209/242/794 237/241/795 239/243/796
f 187/246/797 211/244/798 239/243/799 215/245/800
f 185/188/801 187/246/802 215/245/803 213/247/804
f 245/212/805 241/248/806 157/178/807 161/249/808
f 247/214/809 245/250/810 161/181/811 163/251/812
f 163/183/813 165/252/814 249/255/815 247/253/816
f 165/252/817 167/254/818 251/216/819 249/255/820
f 167/185/821 169/256/822 253/218/823 251/257/824
f 255/260/825 253/258/826 169/187/827 171/259/828
f 257/262/829 255/260/830 171/259/831 173/261/832
f 259/264/833 257/262/834 173/261/835 175/263/836
f 261/266/837 259/264/838 175/263/839 177/265/840
f 263/268/841 261/266/842 177/265/843 179/267/844
f 265/270/845 263/268/846 179/267/847 181/269/848
f 267/272/849 265/270/850 181/269/851 183/271/852
f 243/274/853 267/272/854 183/271/855 159/273/856
f 241/209/857 243/274/858 159/273/859 157/275/860
f 45/276/861 158/277/862 160/278/863 47/304/864
f 158/279/865 45/50/866 49/280/867 162/179/868
f 162/281/869 49/53/870 51/282/871 164/182/872
f 164/283/873 51/55/874 53/284/875 166/285/876
f 166/285/877 53/284/878 55/286/879 168/184/880
f 168/287/881 55/57/882 57/288/883 170/186/884
f 170/289/885 57/59/886 59/290/887 172/291/888
f 172/291/889 59/290/890 61/292/891 174/293/892
f 174/293/893 61/292/894 63/294/895 176/295/896
f 176/295/897 63/294/898 65/296/899 178/297/900
f 178/297/901 65/296/902 67/298/903 180/299/904
f 180/299/905 67/298/906 69/300/907 182/301/908
f 182/301/909 69/300/910 71/302/911 184/303/912
f 184/303/913 71/302/914 47/304/915 160/278/916
f 186/305/917 73/60/918 75/306/919 188/332/920
f 73/307/921 186/190/922 190/308/923 77/62/924
f 77/309/925 190/192/926 192/310/927 79/64/928
f 79/311/929 192/194/930 194/312/931 81/313/932
f 81/313/933 194/312/934 196/314/935 83/66/936
f 83/315/937 196/196/938 198/316/939 85/68/940
f 85/317/941 198/198/942 200/318/943 87/319/944
f 87/319/945 200/318/946 202/320/947 89/321/948
f 89/321/949 202/320/950 204/322/951 91/323/952
f 91/323/953 204/322/954 206/324/955 93/325/956
f 93/325/957 206/324/958 208/326/959 95/327/960
f 95/327/961 208/326/962 210/328/963 97/329/964
f 97/329/965 210/328/966 212/330/967 99/331/968
f 99/331/969 212/330/970 188/332/971 75/306/972
f 101/333/973 214/334/974 216/335/975 103/361/976
f 214/336/977 101/70/978 105/337/979 218/200/980
f 218/338/981 105/73/982 107/339/983 220/203/984
f 220/340/985 107/75/986 109/341/987 222/342/988
f 222/342/989 109/341/990 111/343/991 224/205/992
f 224/344/993 111/77/994 113/345/995 226/207/996
f 226/346/997 113/79/998 115/347/999 228/348/1000
f 228/348/1001 115/347/1002 117/349/1003 230/350/1004
f 230/350/1005 117/349/1006 119/351/1007 232/352/1008
f 232/352/1009 119/351/1010 121/353/1011 234/354/1012
f 234/354/1013 121/353/1014 123/355/1015 236/356/1016
f 236/356/1017 123/355/1018 125/357/1019 238/358/1020
f 238/358/1021 125/357/1022 127/359/1023 240/360/1024
f 240/360/1025 127/359/1026 103/361/1027 216/335/1028
f 242/362/1029 129/80/1030 131/363/1031 244/389/1032
f 129/364/1033 242/211/1034 246/365/1035 133/82/1036
f 133/366/1037 246/213/1038 248/367/1039 135/84/1040
f 135/368/1041 248/215/1042 250/369/1043 137/370/1044
f 137/370/1045 250/369/1046 252/371/1047 139/86/1048
f 139/372/1049 252/217/1050 254/373/1051 141/88/1052
f 141/374/1053 254/219/1054 256/375/1055 143/376/1056
f 143/376/1057 256/375/1058 258/377/1059 145/378/1060
f 145/378/1061 258/377/1062 260/379/1063 147/380/1064
f 147/380/1065 260/379/1066 262/381/1067 149/382/1068
f 149/382/1069 262/381/1070 264/383/1071 151/384/1072
f 151/384/1073 264/383/1074 266/385/1075 153/386/1076
f 153/386/1077 266/385/1078 268/387/1079 155/388/1080
f 155/388/1081 268/387/1082 244/389/1083 131/363/1084
s 1
f 270/390/1085 269/391/1086 280/392/1087 281/393/1088
f 271/394/1089 270/390/1085 281/393/1088 282/395/1090
f 272/396/1091 271/394/1089 282/395/1090 283/397/1092
f 273/398/1093 272/396/1091 283/397/1092 284/399/1094
f 274/400/1095 273/398/1093 284/399/1094 285/401/1096
f 275/402/1097 274/400/1095 285/401/1096 286/403/1098
f 276/404/1099 275/402/1097 286/403/1098 287/405/1100
f 277/406/1101 276/404/1099 287/405/1100 288/407/1102
f 278/408/1103 277/406/1101 288/407/1102 289/409/1104
f 279/410/1105 278/408/1103 289/409/1104 290/411/1106
s 2
f 281/393/1107 280/392/1108 291/412/1109 292/413/1110
f 282/395/1111 281/393/1107 292/413/1110 293/414/1112
f 283/397/1113 282/395/1111 293/414/1112 294/415/1114
f 284/399/1115 283/397/1113 294/415/1114 295/416/1116
f 285/401/1117 284/399/1115 295/416/1116 296/417/1118
f 286/403/1119 285/401/1117 296/417/1118 297/418/1120
f 287/405/1121 286/403/1119 297/418/1120 298/419/1122
f 288/407/1123 287/405/1121 298/419/1122 299/420/1124
f 289/409/1125 288/407/1123 299/420/1124 300/421/1126
f 290/411/1127 289/409/1125 300/421/1126 301/422/1128
s 3
f 294/415/1129 293/414/1130 304/423/1131 305/424/1132
f 295/416/1133 294/415/1129 305/424/1132 306/425/1134
f 296/417/1135 295/416/1133 306/425/1134 307/426/1136
f 297/418/1137 296/417/1135 307/426/1136 308/427/1138
f 298/419/1139 297/418/1137 308/427/1138 309/428/1140
f 299/420/1141 298/419/1139 309/428/1140 310/429/1142
s 4
f 303/430/1143 302/431/1144 269/432/1145 270/433/1146
f 304/423/1147 303/430/1143 270/433/1146 271/434/1148
f 305/424/1149 304/423/1147 271/434/1148 272/435/1150
f 306/425/1151 305/424/1149 272/435/1150 273/436/1152
f 307/426/1153 306/425/1151 273/436/1152 274/437/1154
f 308/427/1155 307/426/1153 274/437/1154 275/438/1156
f 309/428/1157 308/427/1155 275/438/1156 276/439/1158
f 310/429/1159 309/428/1157 276/439/1158 277/440/1160
f 311/441/1161 310/429/1159 277/440/1160 278/442/1162
f 312/443/1163 311/441/1161 278/442/1162 279/444/1164
s 5
f 280/392/1165 269/432/1166 302/431/1167 291/412/1168
s 6
f 290/411/1169 301/422/1170 312/443/1171 279/410/1172
s off
f 356/445/1173 304/423/1174 293/414/1175 345/446/1176
s 6
f 364/447/1177 365/448/1178 312/443/1171 301/422/1170
s 7
f 316/449/1179 315/450/1180 326/451/1181 327/452/1182
f 317/453/1183 316/449/1179 327/452/1182 328/454/1184
f 318/455/1185 317/453/1183 328/454/1184 329/456/1186
f 319/457/1187 318/455/1185 329/456/1186 330/458/1188
f 320/459/1189 319/457/1187 330/458/1188 331/460/1190
f 321/461/1191 320/459/1189 331/460/1190 332/462/1192
f 322/463/1193 321/461/1191 332/462/1192 333/464/1194
f 323/465/1195 322/463/1193 333/464/1194 334/466/1196
f 324/467/1197 323/465/1195 334/466/1196 335/468/1198
f 325/469/1199 324/467/1197 335/468/1198 336/470/1200
s 2
f 327/452/1201 326/451/1202 337/471/1203 338/472/1204
f 328/454/1205 327/452/1201 338/472/1204 339/473/1206
f 329/456/1207 328/454/1205 339/473/1206 340/474/1208
f 330/458/1209 329/456/1207 340/474/1208 341/475/1210
f 331/460/1211 330/458/1209 341/475/1210 342/476/1212
f 332/462/1213 331/460/1211 342/476/1212 343/477/1214
f 333/464/1215 332/462/1213 343/477/1214 344/478/1216
f 334/466/1217 333/464/1215 344/478/1216 345/446/1218
f 335/468/1219 334/466/1217 345/446/1218 346/479/1220
f 336/470/1221 335/468/1219 346/479/1220 347/480/1222
s 9
f 340/474/1223 339/473/1224 350/481/1225 351/482/1226
f 341/475/1227 340/474/1223 351/482/1226 352/483/1228
f 342/476/1229 341/475/1227 352/483/1228 353/484/1230
f 343/477/1231 342/476/1229 353/484/1230 354/485/1232
f 344/478/1233 343/477/1231 354/485/1232 355/486/1234
f 345/446/1235 344/478/1233 355/486/1234 356/445/1236
s 4
f 349/487/1237 348/488/1238 315/489/1239 316/490/1240
f 350/481/1241 349/487/1237 316/490/1240 317/491/1242
f 351/482/1243 350/481/1241 317/491/1242 318/492/1244
f 352/483/1245 351/482/1243 318/492/1244 319/493/1246
f 353/484/1247 352/483/1245 319/493/1246 320/494/1248
f 354/485/1249 353/484/1247 320/494/1248 321/495/1250
f 355/486/1251 354/485/1249 321/495/1250 322/496/1252
f 356/445/1253 355/486/1251 322/496/1252 323/497/1254
f 357/498/1255 356/445/1253 323/497/1254 324/499/1256
f 358/500/1257 357/498/1255 324/499/1256 325/501/1258
s 6
f 326/451/1259 315/489/1260 348/488/1261 337/471/1262
s 5
f 336/470/1263 347/480/1264 358/500/1265 325/469/1266
s 2
f 363/502/1267 364/447/1268 301/422/1128 300/421/1126
f 362/503/1269 363/502/1270 300/421/1126 299/420/1124
s 10
f 361/504/1271 362/503/1272 299/420/1273 310/429/1274
s 2
f 346/479/1220 345/446/1218 293/414/1112 292/413/1110
f 347/480/1222 346/479/1220 292/413/1110 291/412/1109
s 5
f 358/500/1265 347/480/1264 291/412/1168 302/431/1167
s 4
f 350/481/1241 361/504/1275 310/429/1159 311/441/1161 314/505/1276 359/506/1277 349/487/1237
f 359/506/1277 314/505/1276 311/441/1161 312/443/1163 365/448/1278 348/488/1238 349/487/1237
f 360/507/1279 313/508/1280 303/430/1143 304/423/1147 356/445/1253 357/498/1255
f 358/500/1257 302/431/1144 303/430/1143 313/508/1280 360/507/1279 357/498/1255
s 10
f 350/481/1281 339/473/1282 362/503/1272 361/504/1271
s 2
f 339/473/1206 338/472/1204 363/502/1270 362/503/1269
f 338/472/1204 337/471/1203 364/447/1268 363/502/1267
s 6
f 348/488/1261 365/448/1178 364/447/1177 337/471/1262
s 11
f 366/509/1283 367/510/1284 387/511/1285 386/512/1286
f 367/510/1284 368/513/1287 388/514/1288 387/511/1285
f 368/513/1287 369/515/1289 389/516/1290 388/514/1288
f 369/515/1289 370/517/1291 390/518/1292 389/516/1290
f 370/517/1291 371/519/1293 391/520/1294 390/518/1292
f 371/519/1293 372/521/1295 392/522/1296 391/520/1294
f 372/521/1295 373/523/1297 393/524/1298 392/522/1296
f 373/523/1297 374/525/1299 394/526/1300 393/524/1298
f 374/525/1299 375/527/1301 395/528/1302 394/526/1300
f 375/527/1301 376/529/1303 396/530/1304 395/528/1302
f 376/529/1303 377/531/1305 397/532/1306 396/530/1304
f 377/531/1305 378/533/1307 398/534/1308 397/532/1306
f 378/533/1307 379/535/1309 399/536/1310 398/534/1308
f 379/535/1309 380/537/1311 400/538/1312 399/536/1310
f 380/537/1311 381/539/1313 401/540/1314 400/538/1312
f 381/539/1313 382/541/1315 402/542/1316 401/540/1314
f 382/541/1315 383/543/1317 403/544/1318 402/542/1316
f 383/543/1317 384/545/1319 404/546/1320 403/544/1318
f 384/545/1319 385/547/1321 405/548/1322 404/546/1320
f 385/547/1321 366/549/1283 386/550/1286 405/548/1322
s 12
f 367/551/1323 366/552/1324 406/553/1325
f 368/554/1326 367/551/1323 406/553/1325
f 369/555/1327 368/554/1326 406/553/1325
f 370/556/1328 369/555/1327 406/553/1325
f 371/557/1329 370/556/1328 406/553/1325
f 372/558/1330 371/557/1329 406/553/1325
f 373/559/1331 372/558/1330 406/553/1325
f 374/560/1332 373/559/1331 406/553/1325
f 375/561/1333 374/560/1332 406/553/1325
f 376/562/1334 375/561/1333 406/553/1325
f 377/563/1335 376/562/1334 406/553/1325
f 378/564/1336 377/563/1335 406/553/1325
f 379/565/1337 378/564/1336 406/553/1325
f 380/566/1338 379/565/1337 406/553/1325
f 381/567/1339 380/566/1338 406/553/1325
f 382/568/1340 381/567/1339 406/553/1325
f 383/569/1341 382/568/1340 406/553/1325
f 384/570/1342 383/569/1341 406/553/1325
f 385/571/1343 384/570/1342 406/553/1325
f 366/552/1324 385/571/1343 406/553/1325
s 11
f 386/572/1286 387/573/1285 408/574/1344 407/575/1345
f 387/573/1285 388/576/1288 409/577/1346 408/574/1344
f 388/576/1288 389/578/1290 410/579/1347 409/577/1346
f 389/578/1290 390/580/1292 411/581/1348 410/579/1347
f 390/580/1292 391/582/1294 412/583/1349 411/581/1348
f 391/582/1294 392/584/1296 413/585/1350 412/583/1349
f 392/584/1296 393/586/1298 414/587/1351 413/585/1350
f 393/586/1298 394/588/1300 415/589/1352 414/587/1351
f 394/588/1300 395/590/1302 416/591/1353 415/589/1352
f 395/590/1302 396/592/1304 417/593/1354 416/591/1353
f 396/592/1304 397/594/1306 418/595/1355 417/593/1354
f 397/594/1306 398/596/1308 419/597/1356 418/595/1355
f 398/596/1308 399/598/1310 420/599/1357 419/597/1356
f 399/598/1310 400/600/1312 421/601/1358 420/599/1357
f 400/600/1312 401/602/1314 422/603/1359 421/601/1358
f 401/602/1314 402/604/1316 423/605/1360 422/603/1359
f 402/604/1316 403/606/1318 424/607/1361 423/605/1360
f 403/606/1318 404/608/1320 425/609/1362 424/607/1361
f 404/608/1320 405/610/1322 426/611/1363 425/609/1362
f 405/610/1322 386/572/1286 407/575/1345 426/611/1363
s off
f 407/575/1364 408/574/1365 428/612/1366 427/613/1367
f 408/574/1368 409/577/1369 429/614/1370 428/612/1371
f 409/577/1372 410/579/1373 430/615/1374 429/614/1375
f 410/579/1376 411/581/1377 431/616/1378 430/615/1379
f 411/581/1380 412/583/1381 432/617/1382 431/616/1383
f 412/583/1384 413/585/1385 433/618/1386 432/617/1387
f 413/585/1388 414/587/1389 434/619/1390 433/618/1391
f 414/587/1392 415/589/1393 435/620/1394 434/619/1395
f 415/589/1396 416/591/1397 436/621/1398 435/620/1399
f 416/591/1400 417/593/1401 437/622/1402 436/621/1403
f 417/593/1404 418/595/1405 438/623/1406 437/622/1407
f 418/595/1408 419/597/1409 439/624/1410 438/623/1411
f 419/597/1412 420/599/1413 440/625/1414 439/624/1415
f 420/599/1416 421/601/1417 441/626/1418 440/625/1419
f 421/601/1420 422/603/1421 442/627/1422 441/626/1423
f 422/603/1424 423/605/1425 443/628/1426 442/627/1427
f 423/605/1428 424/607/1429 444/629/1430 443/628/1431
f 424/607/1432 425/609/1433 445/630/1434 444/629/1435
f 425/609/1436 426/611/1437 446/631/1438 445/630/1439
f 426/611/1440 407/575/1441 427/613/1442 446/631/1443
s 13
f 448/632/1444 449/633/1445 486/634/1446 487/635/1447
f 449/633/1445 448/632/1444 451/636/1448 450/637/1449
f 450/637/1449 451/636/1448 453/638/1450 452/639/1451
f 452/639/1451 453/638/1450 455/640/1452 454/641/1453
f 454/641/1453 455/640/1452 457/642/1454 456/643/1455
f 456/643/1455 457/642/1454 459/644/1456 458/645/1457
f 458/645/1457 459/644/1456 461/646/1458 460/647/1459
f 460/647/1459 461/646/1458 463/648/1460 462/649/1461
f 462/649/1461 463/648/1460 465/650/1462 464/651/1463
f 464/651/1463 465/650/1462 467/652/1464 466/653/1465
f 466/653/1465 467/652/1464 469/654/1466 468/655/1467
f 468/655/1467 469/654/1466 471/656/1468 470/657/1469
f 470/657/1469 471/656/1468 473/658/1470 472/659/1471
f 472/659/1471 473/658/1470 475/660/1472 474/661/1473
f 474/661/1473 475/660/1472 477/662/1474 476/663/1475
f 476/663/1475 477/662/1474 479/664/1476 478/665/1477
f 478/665/1477 479/664/1476 481/666/1478 480/667/1479
f 480/667/1479 481/666/1478 483/668/1480 482/669/1481
f 482/669/1481 483/668/1480 485/670/1482 484/671/1483
f 484/671/1483 485/670/1482 487/635/1447 486/634/1446
s 14
f 449/633/1484 450/637/1485 447/672/1486
f 450/637/1485 452/639/1487 447/672/1486
f 452/639/1487 454/641/1488 447/672/1486
f 454/641/1488 456/643/1489 447/672/1486
f 456/643/1489 458/645/1490 447/672/1486
f 458/645/1490 460/647/1491 447/672/1486
f 460/647/1491 462/649/1492 447/672/1486
f 462/649/1492 464/651/1493 447/672/1486
f 464/651/1493 466/653/1494 447/672/1486
f 466/653/1494 468/655/1495 447/672/1486
f 468/655/1495 470/657/1496 447/672/1486
f 470/657/1496 472/659/1497 447/672/1486
f 472/659/1497 474/661/1498 447/672/1486
f 474/661/1498 476/663/1499 447/672/1486
f 476/663/1499 478/665/1500 447/672/1486
f 478/665/1500 480/667/1501 447/672/1486
f 480/667/1501 482/669/1502 447/672/1486
f 482/669/1502 484/671/1503 447/672/1486
f 484/671/1503 486/634/1504 447/672/1486
f 486/634/1504 449/633/1484 447/672/1486
s 15
f 488/673/1505 489/674/1506 527/675/1507 526/676/1508
f 489/674/1506 488/673/1505 490/677/1509 491/678/1510
f 491/678/1510 490/677/1509 492/679/1511 493/680/1512
f 493/680/1512 492/679/1511 494/681/1513 495/682/1514
f 495/682/1514 494/681/1513 496/683/1515 497/684/1516
f 497/684/1516 496/683/1515 498/685/1517 499/686/1518
f 499/686/1518 498/685/1517 500/687/1519 501/688/1520
f 501/688/1520 500/687/1519 502/689/1521 503/690/1522
f 503/690/1522 502/689/1521 504/691/1523 505/692/1524
f 505/692/1524 504/691/1523 506/693/1525 507/694/1526
f 507/694/1526 506/693/1525 508/695/1527 509/696/1528
f 509/696/1528 508/695/1527 510/697/1529 511/698/1530
f 511/698/1530 510/697/1529 512/699/1531 513/700/1532
f 513/700/1532 512/699/1531 514/701/1533 515/702/1534
f 515/702/1534 514/701/1533 516/703/1535 517/704/1536
f 517/704/1536 516/703/1535 518/705/1537 519/706/1538
f 519/706/1538 518/705/1537 520/707/1539 521/708/1540
f 521/708/1540 520/707/1539 522/709/1541 523/710/1542
f 523/710/1542 522/709/1541 524/711/1543 525/712/1544
f 525/712/1544 524/711/1543 526/676/1508 527/675/1507
s 16
f 427/613/1545 428/612/1546 490/677/1547 488/673/1548
f 428/612/1546 429/614/1549 492/679/1550 490/677/1547
f 429/614/1549 430/615/1551 494/681/1552 492/679/1550
f 430/615/1551 431/616/1553 496/683/1554 494/681/1552
f 431/616/1553 432/617/1555 498/685/1556 496/683/1554
f 432/617/1555 433/618/1557 500/687/1558 498/685/1556
f 433/618/1557 434/619/1559 502/689/1560 500/687/1558
f 434/619/1559 435/620/1561 504/691/1562 502/689/1560
f 435/620/1561 436/621/1563 506/693/1564 504/691/1562
f 436/621/1563 437/622/1565 508/695/1566 506/693/1564
f 437/622/1565 438/623/1567 510/697/1568 508/695/1566
f 438/623/1567 439/624/1569 512/699/1570 510/697/1568
f 439/624/1569 440/625/1571 514/701/1572 512/699/1570
f 440/625/1571 441/626/1573 516/703/1574 514/701/1572
f 441/626/1573 442/627/1575 518/705/1576 516/703/1574
f 442/627/1575 443/628/1577 520/707/1578 518/705/1576
f 443/628/1577 444/629/1579 522/709/1580 520/707/1578
f 444/629/1579 445/630/1581 524/711/1582 522/709/1580
f 445/630/1581 446/631/1583 526/676/1584 524/711/1582
f 446/631/1583 427/613/1545 488/673/1548 526/676/1584
s 17
f 489/674/1585 491/678/1586 451/636/1587 448/632/1588
f 491/678/1586 493/680/1589 453/638/1590 451/636/1587
f 493/680/1589 495/682/1591 455/640/1592 453/638/1590
f 495/682/1591 497/684/1593 457/642/1594 455/640/1592
f 497/684/1593 499/686/1595 459/644/1596 457/642/1594
f 499/686/1595 501/688/1597 461/646/1598 459/644/1596
f 501/688/1597 503/690/1599 463/648/1600 461/646/1598
f 503/690/1599 505/692/1601 465/650/1602 463/648/1600
f 505/692/1601 507/694/1603 467/652/1604 465/650/1602
f 507/694/1603 509/696/1605 469/654/1606 467/652/1604
f 509/696/1605 511/698/1607 471/656/1608 469/654/1606
f 511/698/1607 513/700/1609 473/658/1610 471/656/1608
f 513/700/1609 515/702/1611 475/660/1612 473/658/1610
f 515/702/1611 517/704/1613 477/662/1614 475/660/1612
f 517/704/1613 519/706/1615 479/664/1616 477/662/1614
f 519/706/1615 521/708/1617 481/666/1618 479/664/1616
f 521/708/1617 523/710/1619 483/668/1620 481/666/1618
f 523/710/1619 525/712/1621 485/670/1622 483/668/1620
f 525/712/1621 527/675/1623 487/635/1624 485/670/1622
f 527/675/1623 489/674/1585 448/632/1588 487/635/1624
